0,1.20000004768372,1.10000002384186,85,8,6,8,56.2000007629395
6.90000009536743,2.79999995231628,2.29999995231628,97.3000030517578,4.59999990463257,6,8,100
1.39999997615814,3.09999990463257,1.29999995231628,94.8000030517578,8,1,1,34.2999992370605
1,3.90000009536743,1,71,9.19999980926514,4,1,26.7999992370605
5,4.40000009536743,0.5,90.9000015258789,4.90000009536743,3,1,66.4000015258789
7.19999980926514,1.29999995231628,0,82.9000015258789,7.40000009536743,1,4,100
5.59999990463257,1.5,1.39999997615814,85.8000030517578,6.5,2,4,89.8000030517578
4.30000019073486,1,2,77.6999969482422,4.59999990463257,0,8,72.5999984741211
4.40000009536743,2.20000004768372,1.70000004768372,100,7.09999990463257,3,1,78.9000015258789
4.80000019073486,3.09999990463257,1.29999995231628,95.4000015258789,7.5,5,10,100
4.59999990463257,3.70000004768372,0.800000011920929,77.5999984741211,5.80000019073486,1,3,63.2999992370605
3.90000009536743,2.40000009536743,2.5,71.6999969482422,7.90000009536743,2,1,74.4000015258789
3.70000004768372,2.09999990463257,0.400000005960464,81.0999984741211,4.5,1,9,76.9000015258789
3.40000009536743,2.70000004768372,2.70000004768372,89.3000030517578,4.69999980926514,4,10,75.8000030517578
2.40000009536743,1.5,0.699999988079071,87.4000015258789,6.69999980926514,6,9,78.9000015258789
3.09999990463257,5,1,97.5,6.5,6,7,74
1,0.600000023841858,0.200000002980232,92.9000015258789,5.59999990463257,3,8,55.2000007629395
3.40000009536743,2.70000004768372,1.20000004768372,94.6999969482422,7.5,0,1,70.8000030517578
2,4.90000009536743,2.90000009536743,88.3000030517578,7.09999990463257,2,5,43.9000015258789
1.79999995231628,2.5,2.40000009536743,71.0999984741211,7.5,1,2,45.2999992370605
3.79999995231628,2.29999995231628,2.90000009536743,83,6.40000009536743,3,1,58.5
5.59999990463257,2.09999990463257,2.40000009536743,95.5999984741211,7.19999980926514,1,3,82.5
4.90000009536743,2.29999995231628,0.600000023841858,84.5,6,3,7,98.6999969482422
1.10000002384186,4.09999990463257,1.39999997615814,90,9,6,1,43.7000007629395
2,0,0.899999976158142,81.8000030517578,5.5,4,2,54.9000015258789
4.90000009536743,4.30000019073486,3.29999995231628,74.6999969482422,9,1,2,69.9000015258789
2,0.800000011920929,0.5,83.8000030517578,6.5,4,4,73.5
3.20000004768372,2.20000004768372,2.79999995231628,88.0999984741211,4.80000019073486,5,3,71.0999984741211
4.30000019073486,2,2.79999995231628,78.4000015258789,8.10000038146973,5,3,82.8000030517578
2,3.20000004768372,3.79999995231628,82.5999984741211,6.69999980926514,6,10,75.6999969482422
3.70000004768372,0.600000023841858,1.29999995231628,75.5999984741211,7.5,2,5,70.5999984741211
1.5,3.09999990463257,2.59999990463257,96.1999969482422,8,4,3,51.2999992370605
2.59999990463257,4.90000009536743,4.30000019073486,82.0999984741211,6.90000009536743,3,7,52.0999984741211
4,0.899999976158142,1.10000002384186,99.5,5.80000019073486,2,5,70.6999969482422
1.10000002384186,2.70000004768372,0.100000001490116,100,7.69999980926514,1,4,51.2000007629395
4.19999980926514,1.70000004768372,0,84.1999969482422,6.5,1,3,72.5999984741211
3.5,3,2.59999990463257,74.9000015258789,7.30000019073486,3,4,70.6999969482422
4.30000019073486,2.5,0,64.0999984741211,3.90000009536743,0,2,59.4000015258789
3.79999995231628,1.70000004768372,1.39999997615814,70.3000030517578,7,0,1,58.0999984741211
5.5,3.09999990463257,2.29999995231628,71.3000030517578,5.69999980926514,1,3,82.3000030517578
3.70000004768372,4.69999980926514,2,98.8000030517578,8.5,6,2,69.6999969482422
2.90000009536743,2.29999995231628,2.29999995231628,86.1999969482422,7.19999980926514,6,1,66
3.70000004768372,3.40000009536743,2,88.9000015258789,6.80000019073486,3,1,63.5
4.30000019073486,0.899999976158142,3.20000004768372,62.7999992370605,7.09999990463257,0,2,65.6999969482422
3.59999990463257,1.39999997615814,0.800000011920929,73,5.30000019073486,4,9,78.5
3.59999990463257,3.09999990463257,1.10000002384186,93.9000015258789,8.39999961853027,1,5,75.0999984741211
2.40000009536743,4.30000019073486,1,87.9000015258789,8.89999961853027,5,9,71
2.5,2.90000009536743,2.70000004768372,83.5,7,4,8,59.7000007629395
1.39999997615814,2.09999990463257,2.79999995231628,90.5999984741211,8.39999961853027,3,6,52.5999984741211
6.09999990463257,2.5,2.29999995231628,100,5.80000019073486,5,1,96.5
1.60000002384186,1,3.09999990463257,82.8000030517578,5.5,4,10,62
2.5,3.20000004768372,0.5,85.6999969482422,6.5,0,5,59.7000007629395
2.40000009536743,3.59999990463257,3.59999990463257,86.9000015258789,7,6,1,48.4000015258789
4.80000019073486,2,3.5,100,6,0,7,70.5999984741211
3.09999990463257,1.89999997615814,2.59999990463257,64,7.09999990463257,5,10,68.0999984741211
5.40000009536743,2.79999995231628,3.79999995231628,91.8000030517578,6.90000009536743,2,8,87.1999969482422
2.5,2,0,83.9000015258789,5.30000019073486,6,8,66.6999969482422
3.90000009536743,2.40000009536743,1.20000004768372,90.6999969482422,7.09999990463257,1,7,75.1999969482422
2.20000004768372,5,1,78.4000015258789,7.5,5,2,46.4000015258789
6.69999980926514,2.20000004768372,2.59999990463257,84.5,6.69999980926514,3,5,97.0999984741211
1.70000004768372,2.09999990463257,0.600000023841858,92.0999984741211,7.90000009536743,1,4,61.2000007629395
4,1.70000004768372,2.59999990463257,100,5,4,5,75
4.5,3.40000009536743,3.29999995231628,93.0999984741211,7.09999990463257,6,10,94.6999969482422
4.09999990463257,2.29999995231628,2.59999990463257,76.5,5.09999990463257,3,9,77.5999984741211
3.20000004768372,1.70000004768372,2.09999990463257,80.8000030517578,5.19999980926514,3,4,68.5999984741211
3.29999995231628,4.09999990463257,0.699999988079071,80.5,5.69999980926514,0,8,69.5999984741211
3.59999990463257,4.19999980926514,0.899999976158142,67,5.40000009536743,4,8,66.5
3.29999995231628,1.79999995231628,3.20000004768372,81.6999969482422,5.80000019073486,0,2,62.2000007629395
4.90000009536743,0.300000011920929,2.70000004768372,92.3000030517578,6.19999980926514,0,6,82.0999984741211
6.80000019073486,3.70000004768372,1.79999995231628,72.3000030517578,7.5,6,5,100
2.70000004768372,1.70000004768372,1.29999995231628,95.5,6.09999990463257,2,2,59.7000007629395
1.39999997615814,3.40000009536743,0,89.9000015258789,4.59999990463257,0,10,55.0999984741211
3.40000009536743,0.100000001490116,0.600000023841858,77.6999969482422,7.90000009536743,1,4,77.0999984741211
7.40000009536743,3.59999990463257,3.90000009536743,83.5999984741211,5.5,3,7,97.6999969482422
2.29999995231628,1,0.400000005960464,100,6.40000009536743,6,1,66.9000015258789
6,3.40000009536743,2,92.3000030517578,7,0,9,99.9000015258789
6,2.5,2.90000009536743,85.0999984741211,6.69999980926514,5,10,100
2.70000004768372,1.39999997615814,0.400000005960464,82.5999984741211,7.80000019073486,1,1,57.2000007629395
4.40000009536743,2,2,85.8000030517578,7.09999990463257,4,5,77.3000030517578
5.90000009536743,3.29999995231628,2.79999995231628,79.9000015258789,5.5,3,7,91.5999984741211
2.90000009536743,2.59999990463257,1.79999995231628,64,9.10000038146973,6,8,70.6999969482422
3.20000004768372,3.20000004768372,5,100,6.69999980926514,5,2,57.5999984741211
2.59999990463257,4.90000009536743,0,86.5999984741211,6.30000019073486,6,4,60.2000007629395
2,0.600000023841858,3,89,7.69999980926514,6,2,50.5
2.5,4.40000009536743,1.60000002384186,84.4000015258789,6.80000019073486,5,4,51.2999992370605
1.70000004768372,2.59999990463257,2.59999990463257,77.5999984741211,7,4,6,53.5
3.59999990463257,1.39999997615814,2.29999995231628,83.0999984741211,9.5,5,6,79.1999969482422
2.29999995231628,0.899999976158142,1,69,6.19999980926514,1,2,47.2000007629395
3.90000009536743,2.29999995231628,2.09999990463257,100,6.09999990463257,6,4,73.4000015258789
1.20000004768372,3.59999990463257,0,72.6999969482422,6.59999990463257,4,4,41.0999984741211
4,2.29999995231628,2.5,74.6999969482422,7.80000019073486,6,1,77.8000030517578
4.80000019073486,4.30000019073486,2.09999990463257,80.5999984741211,4.69999980926514,5,2,63.4000015258789
0.5,0.800000011920929,2.5,97.9000015258789,4.09999990463257,4,3,43.9000015258789
4.09999990463257,2.5,3,85.0999984741211,5.80000019073486,4,5,70.1999969482422
5.30000019073486,1,2.20000004768372,72.5999984741211,4.5,0,8,81.3000030517578
1.70000004768372,2.90000009536743,2,97.5,6,0,6,50.2000007629395
6,3.59999990463257,0.800000011920929,92.3000030517578,7.09999990463257,0,3,87.9000015258789
4.09999990463257,2,1,90.4000015258789,5.40000009536743,5,6,80.9000015258789
2.40000009536743,0,3.09999990463257,92.1999969482422,4.80000019073486,3,7,63.9000015258789
3.40000009536743,2.70000004768372,3.40000009536743,100,6.59999990463257,1,6,65.5999984741211
4.30000019073486,3,1.5,100,7.5,5,10,93.1999969482422
3.59999990463257,3,1.89999997615814,78.0999984741211,4.5,6,6,74
4.30000019073486,4,0.800000011920929,100,7.5,0,1,60.7999992370605
2.09999990463257,1.20000004768372,3.09999990463257,88.8000030517578,7.5,4,3,50.4000015258789
3.79999995231628,3.29999995231628,2.5,90,7.59999990463257,5,7,74.3000030517578
1.39999997615814,3.90000009536743,3.90000009536743,68.0999984741211,8,4,4,32.7999992370605
3.29999995231628,0.400000005960464,0.800000011920929,83.3000030517578,9.10000038146973,6,4,82.3000030517578
2.09999990463257,2.90000009536743,1.39999997615814,76.9000015258789,6.09999990463257,4,7,60.4000015258789
2.40000009536743,1.89999997615814,2.09999990463257,93.3000030517578,6.59999990463257,4,9,60
5.40000009536743,2.40000009536743,2.5,95.6999969482422,6,2,2,77.5
5.09999990463257,2.90000009536743,1.60000002384186,64.3000030517578,6.5,3,9,86.5
4.40000009536743,1.89999997615814,0.800000011920929,84.8000030517578,8.30000019073486,1,3,76.9000015258789
1.89999997615814,1.70000004768372,2.79999995231628,96.1999969482422,4.90000009536743,1,6,43.9000015258789
3,2.5,2.59999990463257,83.0999984741211,5.5,0,4,51.2999992370605
5.30000019073486,1.20000004768372,0.800000011920929,92.3000030517578,8.19999980926514,2,1,83.3000030517578
3.70000004768372,1.20000004768372,3.29999995231628,88.5,7.69999980926514,5,9,82.6999969482422
7,3.29999995231628,3.09999990463257,88.4000015258789,6.09999990463257,5,6,94.8000030517578
4.09999990463257,1.10000002384186,1.89999997615814,82.3000030517578,7.5,1,8,80.8000030517578
3.79999995231628,3.29999995231628,1.89999997615814,72.8000030517578,6.90000009536743,3,2,58.2999992370605
3,3.09999990463257,2.40000009536743,73.8000030517578,8.30000019073486,4,7,66.3000030517578
3.70000004768372,0.400000005960464,0.899999976158142,92.0999984741211,6.59999990463257,6,6,87.9000015258789
3.29999995231628,1.70000004768372,1.79999995231628,85.1999969482422,7.69999980926514,0,2,60.5
4.59999990463257,3.90000009536743,0,83.5999984741211,9.69999980926514,3,2,84.8000030517578
4.90000009536743,1.29999995231628,2.79999995231628,80.8000030517578,7.19999980926514,1,4,77
2.29999995231628,1.89999997615814,0.100000001490116,81.9000015258789,6.59999990463257,2,4,61.7000007629395
1.5,3.09999990463257,3.5,95.5,7.40000009536743,0,3,44
0.699999988079071,3.40000009536743,1.39999997615814,81.5999984741211,6.09999990463257,1,8,42.4000015258789
4.30000019073486,2.20000004768372,1.60000002384186,71.5999984741211,9.39999961853027,5,7,88
1.79999995231628,1.79999995231628,1.10000002384186,92.4000015258789,6.69999980926514,0,2,48.7000007629395
0.300000011920929,4.19999980926514,1.5,83,6.19999980926514,1,3,26.7999992370605
4.09999990463257,4.59999990463257,3.40000009536743,85.3000030517578,5.5,5,10,81.5999984741211
7.19999980926514,3.70000004768372,0,100,7.80000019073486,6,9,100
3.5,2.59999990463257,3.20000004768372,84.8000030517578,7.5,5,5,74
4.80000019073486,1.5,2.20000004768372,87.9000015258789,5.90000009536743,4,2,78.4000015258789
3.59999990463257,1.5,0.5,73.1999969482422,7.19999980926514,2,3,70.6999969482422
3.40000009536743,3.09999990463257,0.600000023841858,82.8000030517578,4.69999980926514,4,8,74.3000030517578
4.90000009536743,3,3.59999990463257,91.0999984741211,6.69999980926514,1,4,67.5999984741211
3.09999990463257,4.19999980926514,0.800000011920929,69.4000015258789,7,6,2,64.6999969482422
3.90000009536743,3.29999995231628,0.5,87,8.5,3,2,64.0999984741211
4,0.699999988079071,3.09999990463257,86,5.59999990463257,6,6,83.5
2.5,3.79999995231628,2.20000004768372,85.4000015258789,5,6,8,63.4000015258789
5,1.29999995231628,0.800000011920929,95.4000015258789,5.40000009536743,6,7,96.1999969482422
3.20000004768372,2,2,88.3000030517578,4.90000009536743,4,4,65.4000015258789
2.40000009536743,2.79999995231628,0.699999988079071,99.8000030517578,8.10000038146973,3,2,62
4.30000019073486,4.90000009536743,3,75.0999984741211,8.39999961853027,5,9,74
2.20000004768372,6.19999980926514,3,86.4000015258789,6.90000009536743,1,4,46.7000007629395
3.5,3.20000004768372,2.40000009536743,85.8000030517578,8,2,9,75.5
3.5,2.29999995231628,2.20000004768372,74.3000030517578,6.69999980926514,3,5,78.0999984741211
5.09999990463257,3.09999990463257,3.70000004768372,94.5999984741211,6.40000009536743,1,7,85.1999969482422
4.19999980926514,3.59999990463257,1.79999995231628,100,6.09999990463257,3,5,75.4000015258789
3.5,2.09999990463257,0.5,84.8000030517578,6.09999990463257,4,2,64.1999969482422
4.69999980926514,4.69999980926514,2.29999995231628,90.0999984741211,4.59999990463257,1,6,69.6999969482422
5.59999990463257,2.79999995231628,4.09999990463257,85.8000030517578,6.80000019073486,4,7,90.3000030517578
4.30000019073486,3.09999990463257,0.699999988079071,77.9000015258789,6.5,0,6,81.4000015258789
3.5,3.29999995231628,1.39999997615814,66.8000030517578,7.40000009536743,1,3,65
1.5,3,2.29999995231628,77.9000015258789,6.59999990463257,3,10,57.2999992370605
1.89999997615814,3.5,1.70000004768372,71.0999984741211,6.30000019073486,0,8,57.7000007629395
3,1.79999995231628,0.699999988079071,100,5.5,4,3,56.7000007629395
2.59999990463257,1.79999995231628,3,83.8000030517578,6.59999990463257,4,5,62.2999992370605
3.20000004768372,1.20000004768372,4.40000009536743,81.5,7.40000009536743,3,9,77.9000015258789
3.59999990463257,3,2,93.9000015258789,5.09999990463257,0,5,65.1999969482422
4.30000019073486,3.40000009536743,0.800000011920929,73.8000030517578,6.59999990463257,6,7,76.8000030517578
3.40000009536743,3,0.100000001490116,77.3000030517578,6.80000019073486,5,7,83.8000030517578
4.19999980926514,4.5,2.09999990463257,85.6999969482422,5.59999990463257,2,5,70.5999984741211
3.59999990463257,2.5,3,95.3000030517578,5.80000019073486,3,2,63.0999984741211
0.5,3.29999995231628,2.29999995231628,90,6.80000019073486,4,5,39
2.09999990463257,1.20000004768372,1.79999995231628,87.5,5.09999990463257,1,7,66.6999969482422
3.29999995231628,2,1.20000004768372,85.8000030517578,6.90000009536743,0,7,72.1999969482422
1.70000004768372,3.29999995231628,0.600000023841858,89,5.40000009536743,5,4,50.0999984741211
4.40000009536743,3.5,2.70000004768372,87,7.80000019073486,2,1,62.4000015258789
5.80000019073486,2.09999990463257,2.79999995231628,74.6999969482422,9.30000019073486,1,6,96.5999984741211
5.30000019073486,2.40000009536743,0.100000001490116,85.5,5.5,0,3,85.8000030517578
3.20000004768372,0.699999988079071,3.5,74.3000030517578,7.09999990463257,5,5,68.3000030517578
5.69999980926514,2.09999990463257,2.40000009536743,85.8000030517578,5.59999990463257,3,4,83.8000030517578
3.70000004768372,3.59999990463257,3.29999995231628,80.1999969482422,7.69999980926514,5,2,69.3000030517578
3,3.20000004768372,0.300000011920929,100,5,3,7,65.3000030517578
2.59999990463257,3.09999990463257,0.300000011920929,84.5999984741211,7.09999990463257,6,5,77.5
3,2.59999990463257,1.60000002384186,71,5.5,0,7,55
2.90000009536743,2.5,2.40000009536743,83.6999969482422,6.30000019073486,5,9,65.1999969482422
3.79999995231628,1.70000004768372,3.79999995231628,90.1999969482422,5.30000019073486,2,4,58.0999984741211
3.70000004768372,3.29999995231628,2.59999990463257,100,7.5,5,5,69.1999969482422
3.5,3,1.5,79.0999984741211,5.5,0,9,67.4000015258789
4.19999980926514,3.09999990463257,0.699999988079071,69.1999969482422,7.19999980926514,1,10,79.9000015258789
5.30000019073486,1.89999997615814,3.20000004768372,93.1999969482422,6.09999990463257,1,4,85.6999969482422
4.90000009536743,0,0.699999988079071,71.1999969482422,6.40000009536743,5,5,96.1999969482422
1.29999995231628,3.79999995231628,3.59999990463257,80.5999984741211,6.69999980926514,5,5,40.4000015258789
0,1.89999997615814,1.5,82.4000015258789,5.59999990463257,3,8,55.2000007629395
4.90000009536743,1.5,3.5,84.3000030517578,6.80000019073486,0,4,73.8000030517578
1.39999997615814,3.29999995231628,2.5,91.9000015258789,8.30000019073486,3,4,46.5
3.20000004768372,2,1.60000002384186,78.1999969482422,5.59999990463257,2,7,60.5
1.70000004768372,3.79999995231628,1.20000004768372,82.3000030517578,7.90000009536743,6,5,55.4000015258789
0.800000011920929,3.20000004768372,1.39999997615814,84.9000015258789,8.30000019073486,1,6,45.0999984741211
4.30000019073486,3.29999995231628,2.29999995231628,86.5,5.5,4,6,69.4000015258789
4.59999990463257,0.899999976158142,1.89999997615814,86,4.80000019073486,4,6,81.3000030517578
2.59999990463257,4,1.10000002384186,89.4000015258789,6.90000009536743,0,10,66.5999984741211
0,2.79999995231628,1.60000002384186,93.4000015258789,5.80000019073486,0,5,26.7000007629395
2.70000004768372,2.09999990463257,1.89999997615814,88.9000015258789,8.69999980926514,4,5,64.5
4.09999990463257,2.70000004768372,0,89.5,6.5,0,9,87.0999984741211
1.29999995231628,0.400000005960464,2.29999995231628,69.1999969482422,5.5,1,8,42.2000007629395
3.79999995231628,3,0.699999988079071,85.5,5.09999990463257,2,4,61.5999984741211
3.5,1.29999995231628,0.5,89.8000030517578,7.80000019073486,2,7,81.9000015258789
4.40000009536743,0.899999976158142,0,92.3000030517578,5.80000019073486,3,8,96.5
3.70000004768372,0.699999988079071,0,78.0999984741211,6.59999990463257,1,9,85.0999984741211
2,3.79999995231628,0.300000011920929,78.4000015258789,7.59999990463257,6,5,58.5
5.30000019073486,1.70000004768372,1,79.3000030517578,5.90000009536743,0,3,78.4000015258789
3.29999995231628,4.30000019073486,3.90000009536743,90.4000015258789,6.40000009536743,0,4,56.4000015258789
3.5,1.89999997615814,1.20000004768372,95.3000030517578,6.5,6,10,92.5999984741211
2.09999990463257,0.5,2,80.9000015258789,7.30000019073486,3,6,62.2999992370605
2.79999995231628,1.20000004768372,2.20000004768372,94.0999984741211,7.19999980926514,3,10,75.8000030517578
2.20000004768372,4,1.89999997615814,86.1999969482422,6.19999980926514,0,5,47.0999984741211
3.20000004768372,2.29999995231628,1.70000004768372,83.8000030517578,6.59999990463257,0,9,66.3000030517578
6.09999990463257,1.79999995231628,0.5,82.9000015258789,6.09999990463257,6,3,98.3000030517578
1.39999997615814,2.70000004768372,3.40000009536743,92.5,4.69999980926514,1,2,29.7000007629395
1.10000002384186,3.09999990463257,3.79999995231628,88.3000030517578,6.80000019073486,6,6,45.5
5.69999980926514,3.79999995231628,0,100,8.80000019073486,3,7,100
3.20000004768372,4.19999980926514,0.699999988079071,76.5,5.40000009536743,6,5,67.5
2.5,2.09999990463257,1.5,90.1999969482422,5.59999990463257,6,1,60.2999992370605
5.09999990463257,0.899999976158142,0.699999988079071,79.6999969482422,5.5,6,3,87
2.59999990463257,2,2.40000009536743,76.3000030517578,7.40000009536743,1,3,48.5
6.19999980926514,2.79999995231628,1,84.9000015258789,7,5,4,100
4.5,1.29999995231628,4.19999980926514,86.4000015258789,6.30000019073486,0,10,82.0999984741211
2.79999995231628,1.39999997615814,3.09999990463257,100,5.40000009536743,4,6,63.7000007629395
6.69999980926514,2.90000009536743,2,83.1999969482422,6.59999990463257,6,5,100
2.59999990463257,2.40000009536743,2.90000009536743,73.6999969482422,4.59999990463257,4,1,41.9000015258789
4.59999990463257,2.5,3,87.6999969482422,6.69999980926514,5,6,72.6999969482422
3.90000009536743,1.60000002384186,1.20000004768372,64.3000030517578,7.5,0,9,74.3000030517578
5.5,2.20000004768372,0.899999976158142,84.0999984741211,5,3,1,88.6999969482422
5.80000019073486,1.39999997615814,1.89999997615814,85.1999969482422,4.69999980926514,4,8,96.5999984741211
3.5,3.59999990463257,2.70000004768372,92.9000015258789,8.39999961853027,3,8,72.5999984741211
2.40000009536743,3.70000004768372,2,94.6999969482422,5.80000019073486,4,3,52.4000015258789
4.19999980926514,0.300000011920929,0.100000001490116,80,7.90000009536743,3,9,100
2.5,1.39999997615814,0.899999976158142,83.5,6.30000019073486,6,8,73.0999984741211
6.5,0.699999988079071,1.70000004768372,77.3000030517578,6.30000019073486,4,3,100
3.70000004768372,1.70000004768372,1.70000004768372,73.6999969482422,7,3,10,80.8000030517578
3,2.40000009536743,4,88.0999984741211,5.40000009536743,5,5,62.9000015258789
3.79999995231628,0.800000011920929,0.300000011920929,72.3000030517578,6.69999980926514,1,3,71.5
1.5,1.39999997615814,2.40000009536743,80.9000015258789,6,3,5,46.2000007629395
2,1.29999995231628,3.40000009536743,75,4.90000009536743,1,9,53.7999992370605
5.30000019073486,2.70000004768372,4.30000019073486,90.5,6.90000009536743,1,4,74.1999969482422
2.5,2.59999990463257,1.39999997615814,100,6.19999980926514,0,6,52.5
1.89999997615814,1.60000002384186,2.29999995231628,72,6.30000019073486,6,3,51.2000007629395
4.30000019073486,2.70000004768372,2.40000009536743,66.5,5,5,3,60.5999984741211
5.30000019073486,1.79999995231628,2,83.8000030517578,8.39999961853027,1,5,91.5
4.59999990463257,2.20000004768372,1.70000004768372,85.1999969482422,7.59999990463257,2,8,87.3000030517578
5,4.5,2.29999995231628,87.1999969482422,7.69999980926514,6,8,98
2.40000009536743,4.09999990463257,0,80.5,6.09999990463257,1,3,47.9000015258789
1.39999997615814,0.899999976158142,2.59999990463257,83,4.40000009536743,3,8,51
5.80000019073486,3.5,1.89999997615814,88.6999969482422,8.80000019073486,1,8,90
3,3.5,1.60000002384186,95.4000015258789,6.40000009536743,3,3,54.0999984741211
3.09999990463257,1.10000002384186,4.09999990463257,65.4000015258789,5.59999990463257,3,10,58.4000015258789
5.5,3.5,1.10000002384186,81.3000030517578,7,2,10,100
4.30000019073486,4.30000019073486,1.39999997615814,87.0999984741211,7.90000009536743,1,2,65.1999969482422
4.19999980926514,1.20000004768372,4,75.8000030517578,6.5,1,10,85.3000030517578
6.69999980926514,1.39999997615814,0.899999976158142,100,8,4,2,93.8000030517578
2.5,3.70000004768372,1.20000004768372,78.5999984741211,7.80000019073486,6,9,78.8000030517578
4.90000009536743,2.79999995231628,1.60000002384186,84.5999984741211,5.19999980926514,4,7,85
3.59999990463257,3.20000004768372,2.70000004768372,90.5999984741211,5.69999980926514,0,6,64.5
3.90000009536743,2.90000009536743,2,79.0999984741211,7.59999990463257,3,7,71
5.80000019073486,3,0.400000005960464,66.5,3.20000004768372,2,8,90.8000030517578
4.30000019073486,0.899999976158142,1.20000004768372,80.6999969482422,6.30000019073486,4,1,72.5999984741211
4.30000019073486,3.79999995231628,1.10000002384186,95.3000030517578,4.80000019073486,1,8,70.9000015258789
5.09999990463257,3.90000009536743,1.70000004768372,81.5999984741211,5.90000009536743,0,3,65.0999984741211
3,2.20000004768372,2.29999995231628,76.5,6.09999990463257,2,3,49.0999984741211
2.20000004768372,2.40000009536743,2.29999995231628,94.3000030517578,6.09999990463257,5,6,62.7000007629395
1.89999997615814,0.699999988079071,0,81.6999969482422,5.80000019073486,1,4,51.5
0.600000023841858,3.09999990463257,3,79.9000015258789,5.19999980926514,1,4,18.3999996185303
6.59999990463257,3.20000004768372,2.09999990463257,86.5,9.30000019073486,5,4,100
1.79999995231628,2.40000009536743,3.29999995231628,92.6999969482422,8.69999980926514,3,10,53.2999992370605
3.20000004768372,3.79999995231628,2.29999995231628,100,5.09999990463257,3,9,76.0999984741211
3.09999990463257,2.09999990463257,3,93.3000030517578,8.39999961853027,4,8,85.5999984741211
4,3.20000004768372,2.29999995231628,96.5999984741211,6,4,3,63
4.69999980926514,1.29999995231628,3.29999995231628,79.9000015258789,6.69999980926514,1,1,73.5999984741211
4.80000019073486,2.5,2.40000009536743,74.6999969482422,6.40000009536743,6,1,76.1999969482422
2.59999990463257,2.29999995231628,1.70000004768372,85.5999984741211,5.69999980926514,1,1,45.5
3.20000004768372,2.79999995231628,4.30000019073486,86.0999984741211,7.69999980926514,4,4,58.5999984741211
3.90000009536743,2.09999990463257,2.79999995231628,74.1999969482422,6.69999980926514,5,6,77.8000030517578
3.09999990463257,2.29999995231628,2.40000009536743,83.1999969482422,5.90000009536743,4,4,61.5
5.90000009536743,3.5,0.400000005960464,89,4.90000009536743,1,3,71.4000015258789
4.19999980926514,2,0.400000005960464,88.5999984741211,5.40000009536743,2,8,93.9000015258789
4.59999990463257,0.600000023841858,2.09999990463257,90,4.5,1,8,85.9000015258789
4.5,4.59999990463257,2,87.9000015258789,6.5,2,6,73.8000030517578
5.30000019073486,4.19999980926514,1.10000002384186,79.9000015258789,5.09999990463257,2,9,83.3000030517578
3.79999995231628,0.899999976158142,2,79.9000015258789,6.19999980926514,1,10,79.6999969482422
1.60000002384186,3.29999995231628,3.5,73,8.10000038146973,6,1,47.0999984741211
4.09999990463257,1.89999997615814,2.59999990463257,100,7.90000009536743,6,8,91.9000015258789
2.5,2.79999995231628,0.5,85.0999984741211,6.5,0,6,60.5999984741211
2.70000004768372,2.90000009536743,1.70000004768372,82.8000030517578,6.40000009536743,4,1,46.5999984741211
4.40000009536743,2.20000004768372,0.899999976158142,75.6999969482422,8.80000019073486,6,4,84.1999969482422
5.40000009536743,1.60000002384186,1.39999997615814,100,7.09999990463257,3,5,95.5
3.5,1.70000004768372,1.29999995231628,74.3000030517578,6.09999990463257,1,7,73.5
4,1.39999997615814,1.29999995231628,80.6999969482422,4.80000019073486,2,8,75.9000015258789
6.09999990463257,1.5,0.400000005960464,89.1999969482422,7,1,9,100
3.90000009536743,2.40000009536743,1.70000004768372,91,7.5,4,6,74.1999969482422
7.40000009536743,1.60000002384186,1.20000004768372,94.5999984741211,5.69999980926514,5,10,100
4.30000019073486,3.29999995231628,0,100,6.80000019073486,6,9,94.9000015258789
0.899999976158142,4.30000019073486,4.09999990463257,90.0999984741211,6.09999990463257,6,4,27.6000003814697
4.59999990463257,1.79999995231628,3,74.4000015258789,6.30000019073486,6,8,86.1999969482422
4.09999990463257,2.79999995231628,1.39999997615814,82.4000015258789,3.5,2,3,60.0999984741211
5.40000009536743,3.09999990463257,1.79999995231628,88.0999984741211,6.19999980926514,3,4,91.3000030517578
4.5,3.09999990463257,0.5,100,7.69999980926514,3,10,93.8000030517578
3.29999995231628,2.59999990463257,3.70000004768372,71,5.69999980926514,6,4,61.5999984741211
1.70000004768372,3.40000009536743,3.90000009536743,97,6.59999990463257,3,6,41.7000007629395
3.20000004768372,3.09999990463257,2,86.8000030517578,5.59999990463257,5,9,74.5
2.20000004768372,1,2.90000009536743,93.4000015258789,6.90000009536743,6,6,63.7000007629395
2.59999990463257,3.5,2,84,6.19999980926514,0,1,39.5999984741211
4.40000009536743,3.59999990463257,0.300000011920929,76.5999984741211,5.40000009536743,2,5,87.5
6,1.60000002384186,1.29999995231628,92.5,8.10000038146973,5,9,100
4.09999990463257,2.5,1.89999997615814,91.5,7.59999990463257,2,5,75.4000015258789
1.70000004768372,3.29999995231628,1.29999995231628,94.6999969482422,5.80000019073486,6,6,61.5
4.19999980926514,2.20000004768372,1.60000002384186,84.9000015258789,7.09999990463257,5,3,73.3000030517578
5.30000019073486,3.79999995231628,1.70000004768372,79,7.09999990463257,6,8,96.3000030517578
2.59999990463257,5.30000019073486,1.70000004768372,69.4000015258789,7.30000019073486,5,10,67
3.29999995231628,1.60000002384186,1.89999997615814,93.1999969482422,4.5,6,4,70.0999984741211
3.5,0.800000011920929,0.600000023841858,89.1999969482422,7.69999980926514,0,4,84.1999969482422
2.29999995231628,2.90000009536743,1,75.3000030517578,5.80000019073486,2,5,48.9000015258789
4.5,3.40000009536743,0.400000005960464,79.5999984741211,6.09999990463257,5,10,98.8000030517578
3.29999995231628,2.20000004768372,2.90000009536743,80.3000030517578,9.69999980926514,0,9,76.0999984741211
4.09999990463257,4.19999980926514,0,70.1999969482422,6.90000009536743,1,8,80.4000015258789
2.20000004768372,0.899999976158142,3.09999990463257,76.8000030517578,6,6,7,64.0999984741211
2.79999995231628,3.29999995231628,3.29999995231628,73.6999969482422,3.90000009536743,4,5,59.4000015258789
4.59999990463257,1.79999995231628,1.5,80.9000015258789,8.19999980926514,5,9,94.1999969482422
2.90000009536743,4.59999990463257,0,77.5999984741211,4.90000009536743,3,9,67.8000030517578
6.09999990463257,4.90000009536743,1.39999997615814,68.6999969482422,5.30000019073486,0,10,96.0999984741211
2.90000009536743,1.60000002384186,1.70000004768372,100,6.09999990463257,0,10,70.1999969482422
3.79999995231628,1.79999995231628,0.699999988079071,97.5,8.19999980926514,5,2,84.1999969482422
4.90000009536743,3.5,1.20000004768372,77.1999969482422,7.40000009536743,0,4,75.4000015258789
1.39999997615814,2,3.5,87.6999969482422,6.30000019073486,1,8,41.7000007629395
0.899999976158142,2.40000009536743,2.5,89.1999969482422,6.90000009536743,0,1,23.1000003814697
1.20000004768372,2.5,0.800000011920929,96.9000015258789,5.80000019073486,4,5,50.2999992370605
5.40000009536743,0.200000002980232,0,76.8000030517578,6.69999980926514,4,8,100
2.70000004768372,2.5,1.39999997615814,95.9000015258789,6.59999990463257,6,2,52.2000007629395
7.30000019073486,1.70000004768372,1.60000002384186,79.5,7.69999980926514,6,2,100
2.70000004768372,1.89999997615814,2.29999995231628,71.5999984741211,7.69999980926514,3,8,71.1999969482422
3.79999995231628,4.19999980926514,1.20000004768372,92.1999969482422,7.09999990463257,1,10,72.3000030517578
5.80000019073486,1,2.40000009536743,97.9000015258789,6.09999990463257,4,9,100
6.5,3.5,3.90000009536743,100,7.40000009536743,5,7,100
6.59999990463257,2.20000004768372,2.70000004768372,73,6.40000009536743,2,8,100
5.30000019073486,2.20000004768372,1.70000004768372,92,5.19999980926514,2,5,93.0999984741211
5,3.40000009536743,1.60000002384186,80.9000015258789,6,2,1,67.6999969482422
4.40000009536743,2.90000009536743,1.39999997615814,92.8000030517578,6.59999990463257,6,4,77.9000015258789
4.69999980926514,3.20000004768372,3.09999990463257,70.3000030517578,7.59999990463257,5,2,80.3000030517578
2.70000004768372,3.70000004768372,1.10000002384186,72.4000015258789,6.30000019073486,0,3,44.2999992370605
2.29999995231628,2.09999990463257,1.79999995231628,77.1999969482422,5,5,3,54.7000007629395
3.5,1.79999995231628,1.89999997615814,85.8000030517578,6.59999990463257,0,9,85
3.20000004768372,1.20000004768372,1.20000004768372,78.5999984741211,6.59999990463257,2,10,81.6999969482422
2.79999995231628,1.5,0.300000011920929,91.5999984741211,6.69999980926514,3,4,71.5999984741211
4.5,6,2.20000004768372,95.3000030517578,7.59999990463257,3,2,73.6999969482422
4.90000009536743,4,1.70000004768372,91,7.69999980926514,0,3,77
3.59999990463257,0.899999976158142,2.40000009536743,100,5.80000019073486,2,3,72.3000030517578
5.69999980926514,0.899999976158142,1.20000004768372,89.1999969482422,5.80000019073486,5,7,100
1.79999995231628,3.09999990463257,3.09999990463257,72.8000030517578,5.30000019073486,3,8,54
3.20000004768372,3.20000004768372,0.800000011920929,98.5999984741211,7.30000019073486,0,6,70.4000015258789
2.40000009536743,3.20000004768372,3.70000004768372,78.9000015258789,8.19999980926514,5,4,47
0.699999988079071,2.20000004768372,0,94.0999984741211,6.09999990463257,2,6,48.7000007629395
3.40000009536743,2.29999995231628,2.29999995231628,100,6.19999980926514,1,1,47.5999984741211
3.29999995231628,2.90000009536743,2.29999995231628,89.5999984741211,8.30000019073486,2,10,81.0999984741211
5.80000019073486,2.59999990463257,0.899999976158142,70,7.09999990463257,6,8,100
4.40000009536743,0,2.29999995231628,75.8000030517578,7,2,1,81.9000015258789
2,2.20000004768372,3.20000004768372,98.1999969482422,5.09999990463257,5,5,56.2999992370605
6.30000019073486,1.5,0,83.3000030517578,7.30000019073486,5,2,100
5.30000019073486,2.70000004768372,2.40000009536743,85.8000030517578,5.40000009536743,4,6,81
4.40000009536743,6.09999990463257,0,92.5999984741211,5.09999990463257,4,9,84.9000015258789
3.20000004768372,2.90000009536743,0.699999988079071,92,6.09999990463257,5,5,67.9000015258789
2.09999990463257,2.09999990463257,3.59999990463257,87.8000030517578,5.80000019073486,5,4,56.9000015258789
2.90000009536743,3.59999990463257,1.20000004768372,82.9000015258789,6.19999980926514,1,2,45.9000015258789
5.09999990463257,3.09999990463257,0.5,81.9000015258789,4.80000019073486,1,3,76
6.30000019073486,3,1.60000002384186,93.5999984741211,7.69999980926514,2,6,94.8000030517578
5.80000019073486,3.20000004768372,4.09999990463257,90.5,7.90000009536743,6,8,99.3000030517578
2.79999995231628,5,0,82.4000015258789,4.19999980926514,3,8,71
1.79999995231628,1.10000002384186,0.600000023841858,95.8000030517578,7.69999980926514,6,5,70.9000015258789
3.70000004768372,3.09999990463257,3.40000009536743,83.6999969482422,5.5,1,5,59.7999992370605
0.800000011920929,1.39999997615814,3.79999995231628,76.5,7.5,2,10,36
4,3.20000004768372,1.70000004768372,77.4000015258789,6.40000009536743,6,3,68.4000015258789
3.29999995231628,1.39999997615814,0.400000005960464,75.1999969482422,6.5,0,7,72.9000015258789
2.79999995231628,2,4.09999990463257,82.3000030517578,6.30000019073486,4,6,57.2999992370605
1.10000002384186,2.09999990463257,3.59999990463257,97.3000030517578,8,6,1,50.2999992370605
4.30000019073486,3.70000004768372,2.5,76.9000015258789,5,3,4,65.6999969482422
2.70000004768372,3.59999990463257,0.899999976158142,86.9000015258789,7.19999980926514,2,6,67.9000015258789
1.70000004768372,1,1.70000004768372,78.4000015258789,7.80000019073486,6,6,63.5999984741211
0,2.59999990463257,1.60000002384186,82.4000015258789,7.40000009536743,5,3,32.9000015258789
3.5,1.60000002384186,2.20000004768372,69.9000015258789,9.30000019073486,0,6,67.6999969482422
6.19999980926514,1,3.40000009536743,82.8000030517578,5.90000009536743,4,10,100
6,2.20000004768372,2.79999995231628,83.0999984741211,7.59999990463257,0,6,96.8000030517578
2.79999995231628,2.09999990463257,0.600000023841858,90.4000015258789,6.40000009536743,2,9,71
2.59999990463257,5.40000009536743,3.29999995231628,87.1999969482422,8,1,9,59.7999992370605
4.19999980926514,3,2.09999990463257,73,6.5,4,2,64.1999969482422
2,0.800000011920929,2.59999990463257,95.8000030517578,6,0,4,45.2000007629395
4,1.79999995231628,3.40000009536743,87.0999984741211,8.10000038146973,1,9,82.9000015258789
4.59999990463257,3.70000004768372,0.600000023841858,87,5.90000009536743,3,4,73.1999969482422
5.30000019073486,5,1.79999995231628,84.9000015258789,4.80000019073486,2,8,79.5999984741211
3.29999995231628,0.600000023841858,1.20000004768372,79.8000030517578,5.90000009536743,2,10,73
3.20000004768372,0.200000002980232,0.100000001490116,87.1999969482422,7.19999980926514,4,3,72.5999984741211
2.20000004768372,4.69999980926514,2.20000004768372,89.8000030517578,8.19999980926514,0,3,45.2000007629395
2.29999995231628,3,4.59999990463257,67.5,6.59999990463257,3,9,51.7999992370605
3.20000004768372,1.5,0,79.5999984741211,8.10000038146973,5,10,92
4.09999990463257,3.09999990463257,1.79999995231628,82.5,4.90000009536743,4,8,77.8000030517578
4.90000009536743,0,2.5,87.5999984741211,6,5,1,97.1999969482422
2.29999995231628,2.5,1.89999997615814,96.9000015258789,6.19999980926514,4,10,71.9000015258789
5.69999980926514,2.90000009536743,1.70000004768372,77.3000030517578,6.40000009536743,0,2,69.0999984741211
3.09999990463257,3.59999990463257,0.400000005960464,80,6.59999990463257,3,3,59.5999984741211
3.5,1.29999995231628,2.09999990463257,79.9000015258789,7.30000019073486,0,2,60.4000015258789
2.40000009536743,2.59999990463257,1,77,6,2,3,48.2999992370605
0,1.39999997615814,0,81.5,6.69999980926514,5,8,50.0999984741211
4.80000019073486,2.79999995231628,3.09999990463257,92.6999969482422,6.40000009536743,1,6,74.9000015258789
4.59999990463257,1.39999997615814,2.90000009536743,74.5,5.40000009536743,6,7,85.5999984741211
3.09999990463257,2,1.89999997615814,89.3000030517578,6.40000009536743,2,10,65.4000015258789
3.59999990463257,1.29999995231628,2.09999990463257,68,6.30000019073486,2,10,82.4000015258789
4.30000019073486,3.29999995231628,3,79.4000015258789,6.30000019073486,5,6,67.3000030517578
1.20000004768372,3.5,2,81.6999969482422,6.5,4,1,34.2999992370605
2.70000004768372,2.20000004768372,2.79999995231628,100,6.59999990463257,2,3,53
4.69999980926514,2.5,1.5,82.3000030517578,6,6,1,78
1.60000002384186,0.800000011920929,3.20000004768372,63,8,3,10,58.2000007629395
3.90000009536743,2.09999990463257,2.20000004768372,65,5.09999990463257,2,9,73.6999969482422
1.5,2.40000009536743,2,85.3000030517578,5.59999990463257,3,9,60.2999992370605
4.19999980926514,5.59999990463257,0.400000005960464,91.0999984741211,9.80000019073486,0,5,78.6999969482422
3.40000009536743,1.20000004768372,2.09999990463257,88.8000030517578,5.30000019073486,4,4,68.3000030517578
1.10000002384186,4.30000019073486,0.899999976158142,86.6999969482422,4.90000009536743,3,9,49.9000015258789
5.19999980926514,3.70000004768372,1.10000002384186,96.5999984741211,7.40000009536743,2,9,100
2.40000009536743,2.79999995231628,0.899999976158142,79.5999984741211,4,4,3,54.7000007629395
2.29999995231628,4.59999990463257,0.600000023841858,93.9000015258789,6.19999980926514,6,5,58.7000007629395
3.79999995231628,2.90000009536743,4.09999990463257,68.6999969482422,9.10000038146973,4,3,70.8000030517578
5.19999980926514,3,3.29999995231628,76,4.59999990463257,3,10,87.0999984741211
2,2.40000009536743,3.90000009536743,66.9000015258789,4.09999990463257,3,2,29.5
3.59999990463257,4,0.5,82.3000030517578,4.69999980926514,1,1,53.2000007629395
4.09999990463257,3.79999995231628,1.89999997615814,84.5,7.59999990463257,1,10,73
4.5,1.70000004768372,0.400000005960464,86.0999984741211,7.80000019073486,4,2,71.0999984741211
3.79999995231628,0.899999976158142,1,85.5999984741211,5.90000009536743,5,8,80.9000015258789
2.90000009536743,2.29999995231628,0.800000011920929,75.6999969482422,7.30000019073486,5,8,75.0999984741211
2.29999995231628,1.5,3.20000004768372,83.0999984741211,8.19999980926514,1,3,52.4000015258789
3.59999990463257,2.40000009536743,1.39999997615814,70,8.60000038146973,2,7,67.5999984741211
1.89999997615814,4,3,98.5999984741211,6.19999980926514,0,7,35.7000007629395
0,2,2.5,82,3.70000004768372,4,2,29.8999996185303
4.19999980926514,2.40000009536743,4.30000019073486,80.0999984741211,5.5,0,9,70.6999969482422
4.90000009536743,2.59999990463257,0.200000002980232,100,6,1,3,89.3000030517578
0,3.5,3.20000004768372,72.5999984741211,6.19999980926514,3,2,26.2000007629395
2,0,3.09999990463257,73.6999969482422,6.30000019073486,6,3,58.2999992370605
4.40000009536743,1.79999995231628,0.699999988079071,74,7.80000019073486,4,2,78.4000015258789
6.59999990463257,2.79999995231628,2.90000009536743,84.3000030517578,8,1,8,100
3.5,3.90000009536743,2.20000004768372,89.3000030517578,6.30000019073486,2,5,66.8000030517578
2.40000009536743,1.89999997615814,1.5,92.4000015258789,7.80000019073486,6,3,63.7999992370605
3.20000004768372,0.200000002980232,0.899999976158142,100,6.90000009536743,4,5,76.0999984741211
5.59999990463257,3.20000004768372,1,62.5,6.59999990463257,4,8,82.6999969482422
2.5,1.70000004768372,4.09999990463257,91.0999984741211,7.59999990463257,5,7,65
2.29999995231628,1.10000002384186,1.79999995231628,79.4000015258789,6.59999990463257,3,6,66.8000030517578
2.79999995231628,1.79999995231628,2.70000004768372,79.0999984741211,9,4,1,64.9000015258789
2.09999990463257,2.29999995231628,0.899999976158142,78.8000030517578,4.80000019073486,3,10,63.0999984741211
3.70000004768372,1.79999995231628,0.899999976158142,75.9000015258789,5.90000009536743,1,1,56.2999992370605
5.90000009536743,0,3,100,6.30000019073486,2,1,93.5999984741211
4,3.59999990463257,0.300000011920929,93.4000015258789,7,6,10,91.9000015258789
3.09999990463257,4,1.29999995231628,85.1999969482422,8,6,8,74
3.09999990463257,3.29999995231628,1.79999995231628,98.5,6.5,2,8,62.7000007629395
1.20000004768372,1.10000002384186,1.89999997615814,69.9000015258789,4.80000019073486,4,7,58.5999984741211
4.80000019073486,2.29999995231628,1.60000002384186,71.6999969482422,7.5,4,6,89.3000030517578
3.40000009536743,2.5,2.20000004768372,63.2000007629395,7.40000009536743,1,4,63.4000015258789
3.20000004768372,3.20000004768372,2.59999990463257,78,4.19999980926514,5,1,46.7000007629395
8.30000019073486,3.29999995231628,2.59999990463257,86.5999984741211,6.5,5,9,100
3.90000009536743,1.60000002384186,0.699999988079071,86,4.59999990463257,5,1,68.6999969482422
2.40000009536743,2.59999990463257,1.5,86.5,5.69999980926514,3,4,58.9000015258789
2.90000009536743,3,3.09999990463257,70.9000015258789,5.40000009536743,5,3,59
5.19999980926514,4.19999980926514,2.79999995231628,93,7.5,2,7,77.9000015258789
3.70000004768372,3.29999995231628,0.300000011920929,87.4000015258789,6.59999990463257,6,5,72.3000030517578
1.29999995231628,3.40000009536743,2.20000004768372,92.3000030517578,5,6,5,49.7000007629395
4.90000009536743,2.59999990463257,0,66.0999984741211,7.59999990463257,3,4,80.9000015258789
2.5,4.19999980926514,1.89999997615814,88.0999984741211,4.80000019073486,1,1,44.5
6.30000019073486,3,3.90000009536743,73.0999984741211,6.90000009536743,2,5,85.3000030517578
5.09999990463257,1.5,0.800000011920929,81,5.5,6,4,83.1999969482422
2.79999995231628,4.19999980926514,0.899999976158142,90.3000030517578,6.09999990463257,2,10,59.7000007629395
5.40000009536743,3.29999995231628,2.59999990463257,85.9000015258789,7.09999990463257,6,8,98.0999984741211
3.59999990463257,2,0.100000001490116,76.5,7.09999990463257,0,2,66.8000030517578
4.80000019073486,1.89999997615814,1.10000002384186,85.0999984741211,8.10000038146973,1,8,96.0999984741211
4.19999980926514,2.90000009536743,2.5,69.6999969482422,6.40000009536743,1,1,60.4000015258789
2.20000004768372,3.09999990463257,1.10000002384186,96.5,6.90000009536743,0,4,33.7999992370605
2.5,2.70000004768372,1.5,82.9000015258789,6,3,3,56.0999984741211
5,2.90000009536743,2.59999990463257,96.1999969482422,6.69999980926514,6,5,80.5999984741211
3,4.5,2.29999995231628,79.6999969482422,7,6,5,52.5999984741211
2.90000009536743,3.79999995231628,2.09999990463257,79.8000030517578,6.40000009536743,6,5,52.0999984741211
2.09999990463257,2.70000004768372,1.39999997615814,77.4000015258789,4.30000019073486,5,4,39.9000015258789
4.09999990463257,3.59999990463257,2.20000004768372,93.8000030517578,6.90000009536743,5,8,84
6.59999990463257,1.29999995231628,1.70000004768372,77.9000015258789,6.90000009536743,5,3,97.6999969482422
1.89999997615814,3,2.29999995231628,91.4000015258789,5.69999980926514,5,4,43.2999992370605
3.5,4.69999980926514,1.29999995231628,81.1999969482422,5,5,1,55.9000015258789
5.59999990463257,2.20000004768372,1.60000002384186,65.1999969482422,8.30000019073486,0,7,84.5999984741211
3.40000009536743,1.5,0.699999988079071,79.3000030517578,7.09999990463257,1,1,67
4.19999980926514,1.70000004768372,1.79999995231628,73.1999969482422,6.19999980926514,3,2,76
1.89999997615814,1.20000004768372,0.899999976158142,85.3000030517578,5.09999990463257,2,7,56.9000015258789
4.09999990463257,1.60000002384186,0.600000023841858,73.0999984741211,5.5,5,1,77.5
3.20000004768372,2.09999990463257,2.09999990463257,94.3000030517578,8.10000038146973,0,3,69.4000015258789
5,0.800000011920929,2,84.0999984741211,6.69999980926514,6,6,94.5999984741211
5.30000019073486,2.5,2.70000004768372,83.1999969482422,5.80000019073486,3,6,93.4000015258789
7.40000009536743,3.59999990463257,1.29999995231628,91.5999984741211,7.09999990463257,3,6,100
4.40000009536743,1.39999997615814,2.20000004768372,94.5999984741211,5.5,3,2,63.5999984741211
4,4.30000019073486,2.40000009536743,84.8000030517578,8.30000019073486,0,2,53
3.79999995231628,3.09999990463257,2.29999995231628,77.3000030517578,8.10000038146973,2,6,67.8000030517578
3,3.70000004768372,0.899999976158142,67.3000030517578,5.90000009536743,5,10,73.9000015258789
4,1.70000004768372,2,78.0999984741211,5.69999980926514,3,5,66.5
3.09999990463257,3.5,2.20000004768372,78.8000030517578,3.40000009536743,0,7,49.9000015258789
3.79999995231628,1.20000004768372,1.79999995231628,86.0999984741211,4.69999980926514,6,7,73.9000015258789
5.5,3.59999990463257,0,81.5,4.90000009536743,1,5,80.3000030517578
2,2.70000004768372,2,91.9000015258789,6.69999980926514,6,8,71.6999969482422
5.19999980926514,3.20000004768372,4.19999980926514,78.9000015258789,6.09999990463257,0,10,83.3000030517578
5.5,1.10000002384186,1.39999997615814,84.4000015258789,4.90000009536743,0,6,84.5
3.29999995231628,1.39999997615814,1,96.8000030517578,6.19999980926514,0,5,74.9000015258789
0.300000011920929,3.20000004768372,2.20000004768372,88.4000015258789,7.09999990463257,3,4,34
2.59999990463257,1.39999997615814,2.09999990463257,84.4000015258789,7.09999990463257,0,7,63
5.40000009536743,3.09999990463257,3.09999990463257,79,4.19999980926514,1,4,77.9000015258789
3.5,0.899999976158142,0.400000005960464,78.6999969482422,6.30000019073486,3,5,72.9000015258789
2,3.5,2.59999990463257,76.5,4.80000019073486,6,5,53.2000007629395
2.70000004768372,1,2.40000009536743,79.5999984741211,7.59999990463257,1,1,57.2999992370605
4.80000019073486,3.20000004768372,1.60000002384186,92.5999984741211,7.40000009536743,4,1,76.5999984741211
4.30000019073486,3.29999995231628,2.20000004768372,82.8000030517578,5.40000009536743,6,3,64.5999984741211
3.09999990463257,1.70000004768372,2.90000009536743,71.5,5.59999990463257,0,3,51.0999984741211
2.90000009536743,3.20000004768372,2.79999995231628,100,5.90000009536743,5,2,63
2.90000009536743,2.79999995231628,0.5,88.1999969482422,3.79999995231628,5,2,61.5999984741211
2.09999990463257,1.89999997615814,2.70000004768372,70.9000015258789,6.90000009536743,3,6,62.5
5.90000009536743,1.29999995231628,1.70000004768372,80.5999984741211,6.19999980926514,5,1,87.0999984741211
3,0.100000001490116,1.89999997615814,86.0999984741211,7.69999980926514,6,6,82.5
5.30000019073486,2.90000009536743,1.89999997615814,100,5.19999980926514,3,5,80.9000015258789
5.80000019073486,0.600000023841858,1.60000002384186,73.9000015258789,5.80000019073486,6,6,100
5,2.59999990463257,3.09999990463257,94.8000030517578,4.69999980926514,0,5,79.5999984741211
2.90000009536743,2.20000004768372,1.70000004768372,99,5.30000019073486,2,7,71.1999969482422
4.09999990463257,3.29999995231628,0.600000023841858,78.6999969482422,5.09999990463257,2,1,62.7000007629395
3.5,2.09999990463257,1.39999997615814,82.1999969482422,7.69999980926514,1,3,64.1999969482422
2.09999990463257,2.09999990463257,2,74.5999984741211,5.69999980926514,0,6,44.0999984741211
4,3.40000009536743,3.20000004768372,83,6.59999990463257,5,1,61.7000007629395
1.70000004768372,2.90000009536743,2.5,84.5999984741211,6,0,7,39.9000015258789
5.30000019073486,2.90000009536743,0.899999976158142,91.5999984741211,5,4,4,84.0999984741211
2.79999995231628,3.09999990463257,4.5,95.9000015258789,6.30000019073486,2,3,40.7000007629395
3.79999995231628,0.699999988079071,2.09999990463257,77.5,7.19999980926514,5,10,81.8000030517578
3.90000009536743,3.40000009536743,3.20000004768372,65.3000030517578,5.09999990463257,6,9,77
3.09999990463257,3.20000004768372,1.60000002384186,84.8000030517578,7.5,6,1,65.6999969482422
4.40000009536743,1.29999995231628,2.40000009536743,87.9000015258789,5.5,2,8,80.9000015258789
2.79999995231628,2.20000004768372,2.70000004768372,87.5,5.90000009536743,0,1,47.4000015258789
4.80000019073486,2.5,3.09999990463257,81.6999969482422,7.09999990463257,5,5,83
1.5,2.29999995231628,3,86.1999969482422,5.69999980926514,1,10,54.2000007629395
3.70000004768372,2.90000009536743,2.79999995231628,100,6.5,6,8,82.5
6.40000009536743,4.19999980926514,1.5,88.8000030517578,6.09999990463257,0,6,85
2,3.79999995231628,1.20000004768372,81.3000030517578,6.69999980926514,1,7,40.4000015258789
2.5,0.899999976158142,2.20000004768372,80,3.59999990463257,5,8,58.9000015258789
4.30000019073486,3.20000004768372,2.79999995231628,83.3000030517578,4.30000019073486,2,6,67.5
3.79999995231628,4.09999990463257,1.60000002384186,100,7.19999980926514,4,6,81
4,3,3,83.1999969482422,7.69999980926514,3,6,74.6999969482422
4.19999980926514,3.79999995231628,3.40000009536743,84.8000030517578,5.40000009536743,2,5,67.4000015258789
4.5,4.90000009536743,0.800000011920929,80.1999969482422,6.19999980926514,1,8,72.1999969482422
5.19999980926514,3.70000004768372,0.899999976158142,96,6.90000009536743,0,2,77.0999984741211
4.09999990463257,2.79999995231628,1.60000002384186,100,7.30000019073486,6,7,87.9000015258789
3.09999990463257,3.79999995231628,2.09999990463257,89.5,4.09999990463257,5,4,54.0999984741211
4.5,2.70000004768372,1.20000004768372,85.8000030517578,5.40000009536743,2,1,62.9000015258789
6.30000019073486,2.5,3.29999995231628,85.4000015258789,6.09999990463257,6,5,95.5999984741211
3.29999995231628,2.09999990463257,2.29999995231628,61.2000007629395,7.30000019073486,6,3,67.0999984741211
2,4.40000009536743,1.79999995231628,92.5,9.5,4,4,51.5
5.19999980926514,1.5,0.200000002980232,86.3000030517578,6.19999980926514,5,7,97.9000015258789
3.29999995231628,4.30000019073486,0.400000005960464,89.3000030517578,4.80000019073486,1,5,67
0.200000002980232,3.09999990463257,2.09999990463257,77.9000015258789,7,5,4,31.5
4.80000019073486,0.800000011920929,0,81.1999969482422,8.10000038146973,5,1,88
2.70000004768372,2.90000009536743,2.90000009536743,80.9000015258789,6.59999990463257,0,6,53.4000015258789
3.40000009536743,0,1.60000002384186,95.1999969482422,5.40000009536743,3,10,83.4000015258789
4,3.29999995231628,5.40000009536743,81.1999969482422,7.59999990463257,6,6,79
3.79999995231628,3.59999990463257,4.30000019073486,100,7.30000019073486,1,7,69.9000015258789
4.59999990463257,1.79999995231628,1.60000002384186,89.3000030517578,5.30000019073486,0,1,60.0999984741211
2.79999995231628,2.59999990463257,1.70000004768372,72.1999969482422,7,6,4,70.3000030517578
4.30000019073486,4.80000019073486,2.90000009536743,83.6999969482422,7.69999980926514,3,9,79.8000030517578
3.09999990463257,1.89999997615814,3.70000004768372,78.5,7.90000009536743,0,10,66.5999984741211
4.59999990463257,1.20000004768372,0,63.0999984741211,6.40000009536743,3,6,91.6999969482422
4.40000009536743,4.30000019073486,0,100,6.09999990463257,3,2,70.0999984741211
2.09999990463257,4.90000009536743,1.10000002384186,92,8,3,4,61.5
5.09999990463257,2.5,2.40000009536743,90.3000030517578,5,0,6,79.3000030517578
2.70000004768372,3.70000004768372,2.29999995231628,86.6999969482422,7,5,4,63.9000015258789
4.69999980926514,4.09999990463257,3,71.1999969482422,4.90000009536743,3,10,93.0999984741211
4.09999990463257,1.60000002384186,0.5,80.1999969482422,7.80000019073486,5,7,89.8000030517578
6.30000019073486,1.89999997615814,0,93.4000015258789,6.19999980926514,6,3,100
3.20000004768372,4,2.70000004768372,74.5,8,6,6,61.7999992370605
3,4.5,0.899999976158142,59.7000007629395,7.09999990463257,1,4,51.5
3.5,3.20000004768372,0,82.6999969482422,5,4,3,60.4000015258789
3,1.39999997615814,2,83.5999984741211,8.19999980926514,5,3,67.1999969482422
4.69999980926514,4.90000009536743,2.70000004768372,86.4000015258789,8.39999961853027,6,2,89.5999984741211
1.10000002384186,1.89999997615814,1.70000004768372,92.3000030517578,7.59999990463257,4,3,48.2999992370605
1.89999997615814,2.09999990463257,1.29999995231628,91.4000015258789,5.59999990463257,3,10,61.7000007629395
1.89999997615814,2.90000009536743,1.60000002384186,87.5999984741211,6.09999990463257,4,1,44.4000015258789
4.90000009536743,4.40000009536743,1.39999997615814,97,6.69999980926514,4,3,77.1999969482422
6.09999990463257,3.5,0.300000011920929,69.8000030517578,5.69999980926514,3,9,100
3.29999995231628,3,1,90,8.5,5,4,73
3.20000004768372,3.09999990463257,2.40000009536743,91.3000030517578,6.69999980926514,3,3,68.5
3.59999990463257,2.59999990463257,2.20000004768372,72.5999984741211,3.29999995231628,1,8,61
5.19999980926514,3.20000004768372,2,70,6.90000009536743,2,1,70.5
2.09999990463257,0,0.699999988079071,77.5,6.09999990463257,0,5,52.5
3.90000009536743,2.09999990463257,1.60000002384186,78.4000015258789,6.40000009536743,3,1,62.7999992370605
5,2.79999995231628,0,92.5,6.09999990463257,3,7,83.5
4.30000019073486,1.10000002384186,2,78.9000015258789,7.5,4,5,71.4000015258789
3.79999995231628,3,3.40000009536743,76.4000015258789,7.80000019073486,1,2,61.5
5,2.29999995231628,0.200000002980232,78.9000015258789,6.80000019073486,6,1,75.4000015258789
0,4.59999990463257,1.20000004768372,96.1999969482422,6.09999990463257,6,7,42
4.5,4.40000009536743,2.20000004768372,85.0999984741211,6.5,4,1,64
2.5,1.89999997615814,3.20000004768372,83.1999969482422,6.5,5,3,60.0999984741211
0.800000011920929,2.29999995231628,1.29999995231628,83.9000015258789,5.5,3,6,34.7000007629395
4.30000019073486,2.40000009536743,1,97.9000015258789,7.19999980926514,3,6,88
5.59999990463257,2,0,77.5,7.09999990463257,4,7,100
3.29999995231628,2.70000004768372,1.89999997615814,98.1999969482422,8.30000019073486,3,1,66.0999984741211
4.90000009536743,1.60000002384186,4,87.0999984741211,8,5,7,95.5
5.90000009536743,1.10000002384186,2.09999990463257,83.4000015258789,5.69999980926514,2,2,86.4000015258789
5.5,3.20000004768372,1.79999995231628,100,7.5,0,6,77.3000030517578
6,3.29999995231628,2.20000004768372,74.4000015258789,5.40000009536743,0,8,90.1999969482422
4.59999990463257,1.5,1.79999995231628,81.5,7.30000019073486,0,5,80.1999969482422
3.59999990463257,3.59999990463257,0.899999976158142,72.6999969482422,5.90000009536743,2,10,72.9000015258789
1.10000002384186,1.70000004768372,2.70000004768372,94.5,5.30000019073486,3,3,35.7999992370605
3.09999990463257,2.79999995231628,2,100,6.80000019073486,4,8,72.8000030517578
2.20000004768372,3.5,1.79999995231628,100,3.29999995231628,6,8,67.5999984741211
6.80000019073486,2.5,0.699999988079071,97.1999969482422,4.40000009536743,1,4,93.0999984741211
3.20000004768372,3,3.20000004768372,83,6.30000019073486,3,8,57.5
3.70000004768372,1.89999997615814,2.5,81.3000030517578,6.59999990463257,2,5,61.0999984741211
4.30000019073486,2.29999995231628,1.20000004768372,68.3000030517578,6.09999990463257,5,5,77.4000015258789
3.59999990463257,2.29999995231628,2.90000009536743,100,4.59999990463257,2,3,69.5999984741211
6,1.60000002384186,1.29999995231628,89.6999969482422,5.5,6,7,100
2.59999990463257,2.29999995231628,0.899999976158142,80.0999984741211,7,0,9,69.3000030517578
3.79999995231628,0.600000023841858,1,98.3000030517578,7.19999980926514,3,9,85.6999969482422
2.40000009536743,1.89999997615814,0,75.3000030517578,6.5,6,1,53.9000015258789
1.5,2.20000004768372,2.29999995231628,89.0999984741211,7.90000009536743,0,1,43.7000007629395
2.59999990463257,2.20000004768372,0,83.3000030517578,7,1,10,79.3000030517578
3.40000009536743,2.20000004768372,0.400000005960464,91.4000015258789,5.59999990463257,5,5,71.3000030517578
2.90000009536743,2.40000009536743,0,84.4000015258789,6.19999980926514,0,1,61.4000015258789
2.5,3.09999990463257,1.70000004768372,70.5,4.80000019073486,1,4,45.0999984741211
1.39999997615814,3.5,1.60000002384186,85.8000030517578,6.40000009536743,2,1,39.7999992370605
3.40000009536743,1.70000004768372,1.39999997615814,95.5,7.80000019073486,0,2,70.6999969482422
1.20000004768372,1.10000002384186,0.699999988079071,84.6999969482422,7.30000019073486,0,2,35.5999984741211
4.59999990463257,1.20000004768372,0.5,92.8000030517578,8.19999980926514,4,4,93
3.59999990463257,1.89999997615814,2.29999995231628,74.5,6.09999990463257,5,8,83.1999969482422
1.29999995231628,2.09999990463257,1.20000004768372,84.6999969482422,8.10000038146973,5,2,46.5999984741211
3,1.60000002384186,2.09999990463257,78.8000030517578,6.30000019073486,6,9,70.8000030517578
2.40000009536743,0.899999976158142,0.800000011920929,92.5,8.30000019073486,2,9,78.3000030517578
4,2,2,85.3000030517578,6.5,4,2,70.6999969482422
5.5,2.70000004768372,3.20000004768372,91.9000015258789,7.30000019073486,6,1,82.5999984741211
0.699999988079071,3.20000004768372,2.40000009536743,95.9000015258789,8.30000019073486,1,10,50.2999992370605
3.70000004768372,1.79999995231628,1.29999995231628,91.9000015258789,6.30000019073486,6,10,80.9000015258789
3.29999995231628,2,2.09999990463257,87.6999969482422,6.80000019073486,1,9,75.4000015258789
4.5,1.39999997615814,1.5,75,8,2,2,83.6999969482422
3.79999995231628,2.5,1.79999995231628,85,6.30000019073486,5,8,76.8000030517578
2.40000009536743,1.5,1.39999997615814,79.6999969482422,4.90000009536743,1,3,45.7999992370605
3,3.20000004768372,1.60000002384186,81.5999984741211,9.10000038146973,2,1,58.4000015258789
2.29999995231628,0.400000005960464,2,81.3000030517578,5.90000009536743,6,1,70.3000030517578
5.09999990463257,2.09999990463257,0.699999988079071,75.1999969482422,6.69999980926514,1,10,99.4000015258789
3.5,2.90000009536743,0.699999988079071,65.4000015258789,7.90000009536743,3,2,62.9000015258789
6.40000009536743,2.70000004768372,0.300000011920929,78.3000030517578,5.80000019073486,0,7,98
3.40000009536743,5.69999980926514,0,86.9000015258789,5.30000019073486,6,6,74.6999969482422
2.40000009536743,2.90000009536743,0.5,71.5,6.80000019073486,5,2,50.4000015258789
1.20000004768372,1.29999995231628,2,85.1999969482422,4.30000019073486,6,4,49.4000015258789
0.800000011920929,2.40000009536743,0.800000011920929,100,6.19999980926514,3,2,35.2999992370605
1.10000002384186,0.400000005960464,2.40000009536743,95.1999969482422,6.80000019073486,2,1,46.2999992370605
3.90000009536743,2.40000009536743,1.79999995231628,100,6.19999980926514,2,3,68.4000015258789
4.30000019073486,1.5,0,88.9000015258789,4.59999990463257,6,4,84.1999969482422
1.10000002384186,3.59999990463257,2.5,96.6999969482422,8.39999961853027,3,10,54.5999984741211
4.80000019073486,1.79999995231628,2.70000004768372,77.8000030517578,6.59999990463257,6,5,88
2.79999995231628,2.40000009536743,0.699999988079071,78.5999984741211,8.19999980926514,0,5,61.5
3.70000004768372,1.70000004768372,2.29999995231628,57.5999984741211,6.19999980926514,0,7,75.6999969482422
5.90000009536743,4.59999990463257,0.899999976158142,96.9000015258789,5.40000009536743,4,10,100
4.80000019073486,2.09999990463257,1.89999997615814,100,6.80000019073486,1,8,82.5999984741211
3.09999990463257,4.69999980926514,0.400000005960464,79.5,6.19999980926514,4,9,71.5
2.20000004768372,3.5,0,82.5,5.09999990463257,0,7,57.5999984741211
0.300000011920929,3.09999990463257,1.39999997615814,77.5,8.30000019073486,3,5,36.0999984741211
2.40000009536743,2.90000009536743,1.70000004768372,88.8000030517578,5.80000019073486,1,9,67.4000015258789
3.20000004768372,3,1.39999997615814,96.1999969482422,4.30000019073486,3,8,74.8000030517578
2,0.200000002980232,0.5,67.5999984741211,8.10000038146973,4,10,73.5999984741211
3.29999995231628,2.20000004768372,1.39999997615814,89.0999984741211,5.90000009536743,2,9,79.5
3.59999990463257,3.5,2.09999990463257,82.1999969482422,5.80000019073486,3,10,62.5
3.20000004768372,2.40000009536743,1.79999995231628,86.0999984741211,4.40000009536743,4,8,76.3000030517578
2.5,0.800000011920929,2,89.5999984741211,8.60000038146973,4,6,75.5999984741211
3.79999995231628,2.40000009536743,1.10000002384186,83.0999984741211,5,4,4,64.4000015258789
4.19999980926514,4.5,3.09999990463257,84,6.59999990463257,2,9,75.3000030517578
1.89999997615814,4,0.5,82.9000015258789,7.59999990463257,2,9,50.4000015258789
5.59999990463257,2.40000009536743,2.29999995231628,94.6999969482422,7,6,10,100
3.40000009536743,3.59999990463257,3.09999990463257,89.1999969482422,6.40000009536743,2,10,76.4000015258789
3.5,2.09999990463257,2.29999995231628,87.1999969482422,4.5,1,9,69.9000015258789
4.59999990463257,0.5,1.60000002384186,72.3000030517578,5.5,2,10,88.9000015258789
3.79999995231628,1.39999997615814,1.20000004768372,81.1999969482422,6.69999980926514,2,3,70.4000015258789
4.90000009536743,4.40000009536743,2.90000009536743,94,5.59999990463257,2,3,69.4000015258789
3.90000009536743,2.20000004768372,0.200000002980232,85.4000015258789,6.69999980926514,3,6,84.9000015258789
2.59999990463257,2.20000004768372,0.699999988079071,91.5999984741211,7.30000019073486,2,6,63.5999984741211
4,2.09999990463257,1.39999997615814,100,7.69999980926514,1,6,82.1999969482422
1.79999995231628,4.80000019073486,3.20000004768372,95.4000015258789,5,4,5,37.4000015258789
3.70000004768372,4.5,2.20000004768372,85.9000015258789,9.10000038146973,3,5,73.8000030517578
3.5,5.19999980926514,0.699999988079071,79.9000015258789,7.40000009536743,0,2,53.4000015258789
3.20000004768372,2.29999995231628,1.5,59.5,6.5,2,7,64.1999969482422
3.29999995231628,2.90000009536743,1.10000002384186,83.3000030517578,7.80000019073486,6,4,70.4000015258789
0.699999988079071,0.699999988079071,1,81.6999969482422,9.30000019073486,6,3,51.5
2.70000004768372,4.30000019073486,2.90000009536743,88.9000015258789,4.80000019073486,4,8,53.4000015258789
3.59999990463257,1.10000002384186,0.300000011920929,83.5,6.19999980926514,4,4,77.1999969482422
3.70000004768372,2.79999995231628,3.59999990463257,81.8000030517578,3.59999990463257,3,4,59.7999992370605
2,1.20000004768372,2.70000004768372,67.1999969482422,6.69999980926514,6,8,55.4000015258789
5.40000009536743,1.79999995231628,3,75.5999984741211,6.90000009536743,0,1,69.9000015258789
2.20000004768372,1.5,1.29999995231628,89.8000030517578,6.5,5,9,71.5999984741211
5,1.79999995231628,1.60000002384186,100,5.69999980926514,6,7,92.9000015258789
4.09999990463257,1.89999997615814,0.200000002980232,84,4,6,2,72.4000015258789
2.5,1.79999995231628,1.20000004768372,88.3000030517578,6.90000009536743,1,6,70.5
6.19999980926514,3.5,2.29999995231628,94.5,8.19999980926514,5,8,100
1.70000004768372,1.20000004768372,3.20000004768372,76.9000015258789,5.80000019073486,4,5,37.4000015258789
4.90000009536743,2.79999995231628,0.600000023841858,88.6999969482422,7,5,6,88.6999969482422
5,4,1.39999997615814,77.5999984741211,4.59999990463257,6,10,88.5999984741211
2.5,1.89999997615814,1.60000002384186,93.5999984741211,7,4,8,68.5
5.59999990463257,1.60000002384186,0.300000011920929,86.5,6,5,6,100
3.09999990463257,2.20000004768372,2.5,88,5.59999990463257,4,9,66.9000015258789
3.90000009536743,3.90000009536743,1,77.1999969482422,5.59999990463257,4,9,71.5
3.90000009536743,2.70000004768372,1.60000002384186,92.0999984741211,6,3,9,77.8000030517578
3.29999995231628,1.89999997615814,1.29999995231628,100,7,0,6,67.6999969482422
4.69999980926514,3.09999990463257,0.899999976158142,74.9000015258789,4.90000009536743,4,9,96.4000015258789
4.69999980926514,1.20000004768372,1.79999995231628,81.5999984741211,6,1,3,83.0999984741211
0.899999976158142,3.29999995231628,1.60000002384186,87.3000030517578,6.5,6,5,37.9000015258789
5.5,3,1.39999997615814,92.9000015258789,5.19999980926514,6,2,76.3000030517578
1,2.09999990463257,1,79.4000015258789,8.69999980926514,1,8,52.5999984741211
5,1.5,2.20000004768372,56.7000007629395,5.5,2,4,83.5999984741211
5.19999980926514,1.39999997615814,3.59999990463257,98.5999984741211,5.69999980926514,4,6,92
1.89999997615814,3.09999990463257,2,92.5999984741211,5.30000019073486,4,6,53.2000007629395
2.90000009536743,4,2.90000009536743,67.5999984741211,8.69999980926514,4,5,56.4000015258789
1.79999995231628,1.70000004768372,0.300000011920929,78.9000015258789,7.19999980926514,5,1,58.0999984741211
3.20000004768372,3.09999990463257,2,100,5.40000009536743,4,7,70.9000015258789
3,0,0.600000023841858,99.5,7.80000019073486,4,10,98.6999969482422
4.69999980926514,1.79999995231628,0.200000002980232,94.4000015258789,6.69999980926514,1,8,83.3000030517578
5.5,2.5,1,83.1999969482422,6.80000019073486,0,1,80.5999984741211
5.59999990463257,1.39999997615814,3.09999990463257,85.8000030517578,6.09999990463257,0,10,91.3000030517578
2.70000004768372,1.39999997615814,2.79999995231628,83.6999969482422,5.59999990463257,2,7,63.5
3.20000004768372,1.70000004768372,2.09999990463257,96.3000030517578,6.90000009536743,1,4,66.3000030517578
1,2.90000009536743,0.100000001490116,76.1999969482422,5.80000019073486,4,6,49.9000015258789
2.29999995231628,2.29999995231628,1.60000002384186,76.9000015258789,8.69999980926514,0,9,68.9000015258789
4.90000009536743,0,2.09999990463257,95.0999984741211,5,3,5,94.1999969482422
5.90000009536743,0,2,84.5999984741211,8.30000019073486,3,8,100
1.60000002384186,1.79999995231628,0,98.8000030517578,6.40000009536743,3,5,58.5999984741211
2.59999990463257,3,0.800000011920929,78.3000030517578,6.90000009536743,4,2,53.2000007629395
3.5,0,1.70000004768372,84.5,7.5,4,4,70.5
3.90000009536743,1.89999997615814,2.40000009536743,75.8000030517578,5.69999980926514,2,2,64
2.29999995231628,1.89999997615814,0,85.0999984741211,7.5,6,7,77.4000015258789
4.09999990463257,4.19999980926514,1.60000002384186,70.1999969482422,3.29999995231628,2,7,57.4000015258789
2.79999995231628,2,2,80.0999984741211,5.59999990463257,2,3,59.9000015258789
3.5,3,2.70000004768372,70.5999984741211,5.40000009536743,5,7,66.6999969482422
4.30000019073486,2.70000004768372,2.59999990463257,91.9000015258789,5,3,1,58.4000015258789
3.5,0,2.40000009536743,92.1999969482422,6.19999980926514,4,1,63.5999984741211
2.79999995231628,3.40000009536743,0.899999976158142,67.6999969482422,7,3,9,62.5999984741211
3.29999995231628,2.79999995231628,0,98.3000030517578,7.30000019073486,2,6,70.5999984741211
3.40000009536743,3.09999990463257,1.39999997615814,100,6.80000019073486,4,5,75.1999969482422
2.90000009536743,7.19999980926514,2.90000009536743,85.5,5.69999980926514,1,6,50.0999984741211
3.09999990463257,0,3.29999995231628,78.5999984741211,6.90000009536743,0,6,72.8000030517578
5.90000009536743,4.59999990463257,2.59999990463257,100,6.59999990463257,0,1,72.6999969482422
4.30000019073486,2.20000004768372,2.29999995231628,71.8000030517578,7.59999990463257,2,5,76
3.09999990463257,2.79999995231628,2.20000004768372,85.1999969482422,7.40000009536743,6,9,74.0999984741211
4.5,2.40000009536743,1.20000004768372,86.8000030517578,6.5,3,4,79
3,2,1.70000004768372,98.5,5.40000009536743,1,3,51.2999992370605
5.30000019073486,1.79999995231628,3.59999990463257,88.5999984741211,5.69999980926514,4,1,71
4.09999990463257,2.90000009536743,0.800000011920929,80,5.80000019073486,6,2,76.4000015258789
3.29999995231628,0.699999988079071,3.59999990463257,75.5,6.09999990463257,3,3,52.5999984741211
4.19999980926514,3.40000009536743,1.39999997615814,81.5999984741211,6.80000019073486,2,4,74
1.10000002384186,2,3.29999995231628,74.9000015258789,7.40000009536743,3,7,42.5999984741211
1.79999995231628,1.10000002384186,0.300000011920929,85.5,6.40000009536743,2,6,49.7999992370605
1.70000004768372,2,2.40000009536743,79.4000015258789,6.5,5,8,45.7000007629395
3.70000004768372,4,1,70.0999984741211,6.69999980926514,0,9,77.1999969482422
6.09999990463257,1.89999997615814,0.200000002980232,97.5999984741211,5.90000009536743,6,6,98.5
6.80000019073486,2.90000009536743,2,80,5.40000009536743,0,7,96.1999969482422
4.5,1.60000002384186,2.90000009536743,72.3000030517578,4.40000009536743,3,4,71.3000030517578
4.30000019073486,3.40000009536743,0.899999976158142,83.3000030517578,5.69999980926514,1,2,59.2000007629395
0.800000011920929,3.29999995231628,0.200000002980232,85.6999969482422,7.09999990463257,4,9,51.7999992370605
2.70000004768372,4.69999980926514,1.70000004768372,67.5,5.69999980926514,2,9,59.2999992370605
2.29999995231628,2.29999995231628,1.70000004768372,88.3000030517578,6.19999980926514,4,4,58.5
2.59999990463257,3.29999995231628,2.40000009536743,74.5,7.09999990463257,0,3,44.5
3.20000004768372,2.59999990463257,2.79999995231628,100,7.09999990463257,1,10,75.4000015258789
2.79999995231628,4.09999990463257,1.70000004768372,90.1999969482422,5.19999980926514,1,6,54.9000015258789
0.5,1.60000002384186,3.79999995231628,81,7.69999980926514,4,3,30.2000007629395
4.59999990463257,3.40000009536743,2,77.5,7.90000009536743,0,1,71.8000030517578
1.89999997615814,2.29999995231628,1.39999997615814,84,5.09999990463257,4,4,51.7999992370605
3.90000009536743,2.40000009536743,0,91.0999984741211,5.5,3,1,59.5
6.59999990463257,2.59999990463257,1.5,84.6999969482422,7.90000009536743,1,2,96.5999984741211
2.09999990463257,2.79999995231628,1.39999997615814,82.8000030517578,6.30000019073486,1,3,44.0999984741211
0,2.40000009536743,2.90000009536743,85.5999984741211,3.79999995231628,3,8,30.5
3.09999990463257,2.79999995231628,2.29999995231628,79,4.80000019073486,0,10,63.7000007629395
5.19999980926514,4.40000009536743,0.5,81.5999984741211,6.19999980926514,1,4,74
6.40000009536743,3.70000004768372,2,64.0999984741211,5.09999990463257,6,4,98.8000030517578
1.70000004768372,3.5,2.5,94.6999969482422,6,5,10,53
4.19999980926514,2,3.5,88,6.5,5,9,84.5999984741211
2.79999995231628,1.39999997615814,2.79999995231628,77.3000030517578,8.30000019073486,5,7,73
3.29999995231628,3.59999990463257,2.59999990463257,100,6.19999980926514,2,2,57.0999984741211
7.5,3.59999990463257,1.89999997615814,85.9000015258789,7.80000019073486,6,3,100
1.20000004768372,4.30000019073486,2.20000004768372,74.5999984741211,8.19999980926514,2,4,36.2000007629395
3.90000009536743,1.79999995231628,3.20000004768372,93.5999984741211,8.19999980926514,0,4,65.5999984741211
4.19999980926514,2.20000004768372,0.300000011920929,89,6.80000019073486,3,10,87.5
5.09999990463257,0.5,1.39999997615814,88.9000015258789,4.09999990463257,4,8,100
3.59999990463257,2,1,80.6999969482422,7.09999990463257,6,10,85.5999984741211
4,3.70000004768372,2.20000004768372,89.5,7.80000019073486,0,10,89.4000015258789
2.90000009536743,1.89999997615814,3.20000004768372,82.4000015258789,6.40000009536743,4,6,66.9000015258789
3.90000009536743,3.29999995231628,1.10000002384186,90.5999984741211,8.60000038146973,0,3,56
3,2.29999995231628,0,66,7.5,2,9,77.9000015258789
4.40000009536743,2.90000009536743,1.29999995231628,80.6999969482422,7.19999980926514,5,10,91.3000030517578
2.90000009536743,1.10000002384186,2.79999995231628,100,7.80000019073486,3,8,68.4000015258789
4.09999990463257,2.59999990463257,2.40000009536743,77.3000030517578,6.90000009536743,2,9,85.3000030517578
3.5,0,2.29999995231628,79,3.5,3,5,64.4000015258789
5.19999980926514,2.29999995231628,1.5,80.5,5.90000009536743,6,3,82.8000030517578
3.40000009536743,0.5,0.400000005960464,72.9000015258789,7.90000009536743,4,4,78
0.800000011920929,3.90000009536743,2.40000009536743,62.9000015258789,5.5,0,5,31.5
5.40000009536743,3.40000009536743,0.899999976158142,82.6999969482422,6.19999980926514,1,9,92.3000030517578
2.09999990463257,3.09999990463257,4.19999980926514,86.4000015258789,5.19999980926514,1,9,50.0999984741211
2.5,4.30000019073486,2.40000009536743,84.5,8.60000038146973,3,3,49.4000015258789
2.59999990463257,1.39999997615814,1.20000004768372,83.5999984741211,8.5,5,7,80.3000030517578
5.59999990463257,4.59999990463257,1.10000002384186,85.4000015258789,5.40000009536743,5,6,89.6999969482422
0.300000011920929,3.59999990463257,1.70000004768372,95.1999969482422,6.69999980926514,3,4,33.5999984741211
8.19999980926514,2.20000004768372,1.5,83.0999984741211,5.69999980926514,2,5,100
5.09999990463257,3.90000009536743,3,79.3000030517578,7.19999980926514,1,10,90.5999984741211
3.79999995231628,1.20000004768372,2,82.1999969482422,7.09999990463257,2,2,66.3000030517578
3.40000009536743,1.5,1,90.8000030517578,7.5,4,7,86.0999984741211
3.90000009536743,1.79999995231628,3.90000009536743,99.0999984741211,6.90000009536743,1,4,65.5
4.30000019073486,1.89999997615814,1.89999997615814,78.6999969482422,10,4,2,82.9000015258789
4.5,1.20000004768372,2.59999990463257,86,5.30000019073486,0,6,76.3000030517578
4.30000019073486,4,1.10000002384186,88.4000015258789,4.40000009536743,2,2,59
3.59999990463257,2.20000004768372,2.20000004768372,75.0999984741211,6,3,10,76.0999984741211
3.20000004768372,2.90000009536743,2.09999990463257,85.1999969482422,4.59999990463257,1,2,40.2999992370605
3.29999995231628,1.79999995231628,0,70.3000030517578,4.69999980926514,2,7,65.1999969482422
3.20000004768372,0.300000011920929,4,67.3000030517578,5.30000019073486,3,1,43.9000015258789
5.19999980926514,2.79999995231628,3.20000004768372,88.6999969482422,5.40000009536743,0,7,89.5
4.40000009536743,0.200000002980232,1.39999997615814,81.1999969482422,5.40000009536743,1,10,80.6999969482422
0,2.40000009536743,0.600000023841858,87,7.09999990463257,4,5,53
4.5,0.899999976158142,2.20000004768372,84.8000030517578,5.90000009536743,0,1,70.5999984741211
3.79999995231628,4.90000009536743,1.89999997615814,75.1999969482422,6.30000019073486,5,6,65.5
3.5,3.59999990463257,2.20000004768372,84.5,7.59999990463257,3,7,75.0999984741211
2.90000009536743,2.59999990463257,2,72.6999969482422,5.59999990463257,1,1,43.5
5.19999980926514,4,2.40000009536743,98.9000015258789,6.19999980926514,1,9,80.5999984741211
4.90000009536743,1.5,3.40000009536743,71.4000015258789,6.90000009536743,6,7,88.1999969482422
2.29999995231628,3.20000004768372,2.40000009536743,83,4.19999980926514,6,1,48.5
4.09999990463257,2.70000004768372,0.600000023841858,74.5999984741211,3.59999990463257,0,3,67.3000030517578
2,2.79999995231628,3.29999995231628,90.6999969482422,6.90000009536743,1,5,50.7000007629395
1.39999997615814,4,3.59999990463257,81.6999969482422,7.09999990463257,3,4,35.4000015258789
2.59999990463257,3.40000009536743,5.30000019073486,79.8000030517578,9,0,2,49.0999984741211
4.80000019073486,2.79999995231628,0.600000023841858,93.5,6.69999980926514,4,1,85.4000015258789
4.90000009536743,0.5,2.09999990463257,85.3000030517578,7.5,0,4,83.9000015258789
4.30000019073486,1.29999995231628,0,90.1999969482422,6.30000019073486,0,7,90.4000015258789
4.59999990463257,2.40000009536743,2.40000009536743,75.1999969482422,6.90000009536743,4,4,87.8000030517578
4.30000019073486,2.59999990463257,1.20000004768372,71,8.5,5,9,87.5
2.5,1.10000002384186,3.90000009536743,86.0999984741211,4,6,8,58.2000007629395
4.09999990463257,5.40000009536743,0.899999976158142,81.8000030517578,7,3,8,73.1999969482422
4.69999980926514,4.30000019073486,0,91.3000030517578,9.10000038146973,5,5,83.5
4.59999990463257,3.20000004768372,1.29999995231628,84.1999969482422,6.80000019073486,5,1,77.5999984741211
5.30000019073486,2.59999990463257,0,87.0999984741211,8.5,5,9,98.4000015258789
4.59999990463257,2.20000004768372,2.59999990463257,68.8000030517578,5.69999980926514,6,2,78.5
4,1.39999997615814,0,100,6.5,2,6,81.0999984741211
5.09999990463257,2.59999990463257,1.79999995231628,83.4000015258789,6.5,6,10,100
3.5,2.79999995231628,0,92,3.79999995231628,5,5,58.7000007629395
2.20000004768372,1,1.39999997615814,76.5999984741211,5.09999990463257,2,10,62.5999984741211
3.29999995231628,2.90000009536743,3.59999990463257,88.0999984741211,5.19999980926514,4,8,60.2999992370605
2.40000009536743,2.29999995231628,2.20000004768372,72,7.5,6,3,63.9000015258789
2.5,0.200000002980232,0.899999976158142,89.5,7.5,3,6,80
3.29999995231628,1.5,1.79999995231628,81.4000015258789,6.90000009536743,5,6,62.5999984741211
2.29999995231628,2,1.79999995231628,85.3000030517578,7.5,1,10,71.4000015258789
3,4.80000019073486,2.29999995231628,92,6.30000019073486,4,3,60.5999984741211
0.699999988079071,3.20000004768372,0.300000011920929,72.6999969482422,7.90000009536743,2,7,47.2000007629395
3.79999995231628,0.899999976158142,2.5,78.1999969482422,6.5,6,4,78.0999984741211
3.5,3.09999990463257,0,89.5999984741211,6.59999990463257,3,5,75.5
2.29999995231628,0.600000023841858,1.10000002384186,100,6.19999980926514,0,9,73.5
4.5,3.79999995231628,1.29999995231628,83.5999984741211,7.30000019073486,3,6,74.5999984741211
4.90000009536743,1.89999997615814,2.5,90.9000015258789,6,3,10,98.6999969482422
1.10000002384186,2.40000009536743,1.79999995231628,83.9000015258789,7.69999980926514,5,4,49.2000007629395
2.40000009536743,4.09999990463257,0.300000011920929,100,5.09999990463257,5,8,67.4000015258789
2.29999995231628,1,0.699999988079071,67.5,5.19999980926514,6,9,72.5
2.09999990463257,0.800000011920929,2,85.9000015258789,7.30000019073486,6,10,68.4000015258789
4.69999980926514,1.79999995231628,1.70000004768372,68.6999969482422,6.40000009536743,2,5,70
3.20000004768372,3.70000004768372,1.20000004768372,59.9000015258789,6,6,2,56.0999984741211
3.09999990463257,0.699999988079071,1.29999995231628,88,7.59999990463257,2,6,81.5
0.5,0,2.59999990463257,86.4000015258789,5.80000019073486,5,8,45
4.5,2,1.20000004768372,82.1999969482422,6.30000019073486,5,5,84.4000015258789
1.60000002384186,3.20000004768372,1.70000004768372,83.9000015258789,8.19999980926514,1,1,36.7999992370605
3.59999990463257,3.90000009536743,4.19999980926514,100,8.30000019073486,1,8,65.5999984741211
3.90000009536743,1.89999997615814,0.200000002980232,82.4000015258789,8.39999961853027,4,9,93.5
5.5,2,0,90.0999984741211,6.19999980926514,5,1,93.6999969482422
1.5,3.90000009536743,2.70000004768372,78.5,8,0,8,42.2999992370605
0,0.300000011920929,1.10000002384186,88,5.40000009536743,1,10,53.2999992370605
3.79999995231628,2,1.39999997615814,82.5999984741211,5.40000009536743,2,2,65.9000015258789
6.19999980926514,2.70000004768372,0.899999976158142,80.9000015258789,3.70000004768372,3,4,87.9000015258789
5.40000009536743,3,1.5,100,8.5,6,2,94.5
3.79999995231628,1.89999997615814,3.59999990463257,96.8000030517578,5.5,6,2,77.8000030517578
2.79999995231628,2.5,2.70000004768372,86.4000015258789,6.30000019073486,4,10,74.5999984741211
4.69999980926514,0,2.70000004768372,62,5.40000009536743,1,3,67.5
2,1.70000004768372,0.200000002980232,81.4000015258789,7.30000019073486,3,8,66.5
4.19999980926514,3,0.5,100,6,3,4,78.4000015258789
4.30000019073486,1.29999995231628,0,82.6999969482422,4.90000009536743,1,7,84.9000015258789
5.09999990463257,2.59999990463257,0.899999976158142,96,7,0,10,96.5999984741211
7.59999990463257,3,2.90000009536743,99.4000015258789,4.80000019073486,0,3,100
4.09999990463257,2.09999990463257,2.40000009536743,87.1999969482422,5.5,4,10,83.0999984741211
2.70000004768372,2.70000004768372,1.60000002384186,76.5999984741211,4,0,3,36.9000015258789
3.5,1.29999995231628,1.79999995231628,60.5999984741211,4.80000019073486,4,2,60
0.800000011920929,2.29999995231628,1,91.8000030517578,6.69999980926514,2,6,44.2999992370605
2.5,3.20000004768372,2,76.9000015258789,4.09999990463257,1,6,41.5999984741211
2.90000009536743,2.70000004768372,2.59999990463257,86.8000030517578,4.69999980926514,3,1,45.5
2.70000004768372,1.79999995231628,0,72.5,6.5,4,7,68.1999969482422
3.70000004768372,2.79999995231628,2.09999990463257,82.3000030517578,5.80000019073486,6,4,75.5
2.29999995231628,3.40000009536743,2.79999995231628,85.3000030517578,8.89999961853027,0,3,40.9000015258789
5.19999980926514,0,1.29999995231628,87.6999969482422,8.69999980926514,6,8,100
3.5,3.90000009536743,2.59999990463257,73.9000015258789,5.5,4,2,65.5999984741211
3.5,2.09999990463257,4.90000009536743,97,7.19999980926514,5,9,75.9000015258789
3,3,1.70000004768372,79,7.40000009536743,4,8,69.8000030517578
3.70000004768372,3.90000009536743,2.20000004768372,68.3000030517578,5.80000019073486,0,8,66.5999984741211
4.69999980926514,0.899999976158142,1,83.9000015258789,4.69999980926514,5,3,84.5
2.20000004768372,1.60000002384186,2,85.3000030517578,6.5,5,4,65.5999984741211
2.5,2.20000004768372,2.29999995231628,86.5999984741211,6.30000019073486,0,2,46.7999992370605
3,1.60000002384186,2,98.5999984741211,6,5,2,67.6999969482422
1.5,4.59999990463257,0.699999988079071,82.5999984741211,7,1,4,45.4000015258789
2.29999995231628,1.5,2,83.8000030517578,5.59999990463257,3,6,57
2.79999995231628,1.79999995231628,3.40000009536743,74,5.09999990463257,6,5,58.4000015258789
4.80000019073486,2.70000004768372,2.29999995231628,93.1999969482422,6.59999990463257,1,1,70.8000030517578
3.90000009536743,1.10000002384186,2.90000009536743,86.8000030517578,7,1,10,75.6999969482422
3.79999995231628,2,1.5,80.8000030517578,5.09999990463257,0,1,55.7000007629395
4.80000019073486,2.90000009536743,2.59999990463257,66,7.59999990463257,0,6,82.0999984741211
3.29999995231628,2.09999990463257,2.09999990463257,99.4000015258789,4.40000009536743,6,3,71.4000015258789
4.09999990463257,2.40000009536743,0.800000011920929,72.6999969482422,5.80000019073486,3,3,66.6999969482422
3.29999995231628,1.89999997615814,2.20000004768372,79.0999984741211,6.19999980926514,4,7,70.9000015258789
3.90000009536743,0.699999988079071,0.699999988079071,88.5999984741211,5.69999980926514,1,1,73
2.59999990463257,2.90000009536743,1.10000002384186,73,5.80000019073486,5,1,53.9000015258789
0,4.59999990463257,2,70.0999984741211,8.69999980926514,3,10,43.4000015258789
3.29999995231628,2.5,2.09999990463257,63.7999992370605,5.5,1,3,55.4000015258789
5.59999990463257,2.79999995231628,0.5,92.1999969482422,9.39999961853027,4,8,100
4.90000009536743,3.29999995231628,3,79.5,7,5,1,71.8000030517578
4.90000009536743,1,2.40000009536743,100,6.59999990463257,1,10,89.1999969482422
5.40000009536743,4.5,1,75.0999984741211,7.09999990463257,2,4,83.9000015258789
3.59999990463257,2.70000004768372,0.100000001490116,75.8000030517578,9.5,6,9,89.0999984741211
3.79999995231628,4.5,1.60000002384186,79.3000030517578,5.30000019073486,3,4,53.5
2.59999990463257,1.60000002384186,1.29999995231628,87.4000015258789,5.19999980926514,6,10,72.9000015258789
3,4.69999980926514,1.89999997615814,80.3000030517578,5.59999990463257,0,8,61
4.40000009536743,3.40000009536743,1.39999997615814,91.0999984741211,6.5,1,7,69.0999984741211
5.30000019073486,3.20000004768372,0,75.1999969482422,4.40000009536743,5,3,77.1999969482422
3.29999995231628,2.79999995231628,1.39999997615814,71.1999969482422,6.5,5,7,71.9000015258789
2.79999995231628,2.20000004768372,1.5,67,8.5,3,7,74.6999969482422
3.5,3.90000009536743,2.5,62.7999992370605,6.69999980926514,3,10,74.5
4.40000009536743,2.70000004768372,1,79.8000030517578,6.09999990463257,6,3,85.4000015258789
1.29999995231628,0.100000001490116,3.59999990463257,82,5.80000019073486,5,2,44.2999992370605
0.100000001490116,1.20000004768372,0,78.6999969482422,7.59999990463257,5,9,53.4000015258789
2.70000004768372,2.29999995231628,3.20000004768372,97.4000015258789,5.5,5,1,57.4000015258789
1.70000004768372,2.90000009536743,1.60000002384186,97.3000030517578,8.69999980926514,1,7,53.5999984741211
2.70000004768372,2.40000009536743,2.70000004768372,81.6999969482422,8.80000019073486,5,4,58.7999992370605
3.29999995231628,4,1.89999997615814,67.0999984741211,6.80000019073486,0,2,43.5
2.79999995231628,0.200000002980232,3.09999990463257,79.3000030517578,6.5,5,2,65.5999984741211
5.69999980926514,2.70000004768372,1.39999997615814,79,7.69999980926514,0,8,89.8000030517578
4,0.300000011920929,0.600000023841858,78.4000015258789,7.80000019073486,1,7,89.5
4,3.40000009536743,3.40000009536743,78,5.5,3,7,68.8000030517578
4.40000009536743,2.40000009536743,1.70000004768372,78.5,5.90000009536743,0,5,76.8000030517578
1.79999995231628,3,2,81.0999984741211,4.90000009536743,1,10,47.5
5.09999990463257,1.5,3.20000004768372,78.5999984741211,7,5,8,89.3000030517578
3.40000009536743,4,0.699999988079071,87.0999984741211,7.30000019073486,1,2,62
4.5,3.79999995231628,2.5,88.5999984741211,4.90000009536743,5,2,66.0999984741211
1.89999997615814,3.20000004768372,1.20000004768372,75.9000015258789,6,6,5,41.7000007629395
1.20000004768372,2.29999995231628,1.70000004768372,97.6999969482422,4.90000009536743,1,1,28
4.69999980926514,3.20000004768372,1.89999997615814,75.1999969482422,5.40000009536743,3,6,71
4.09999990463257,1.70000004768372,0.100000001490116,68.8000030517578,7.19999980926514,0,4,67.5
2.09999990463257,3.5,0.899999976158142,88.8000030517578,5.59999990463257,6,6,63.4000015258789
2.20000004768372,4.5,3.29999995231628,76.8000030517578,6.09999990463257,3,7,50.2000007629395
5.19999980926514,3.79999995231628,2.79999995231628,88.1999969482422,4.5,2,3,72
1.70000004768372,1.60000002384186,1.70000004768372,61,6.69999980926514,5,8,67.9000015258789
6,2.90000009536743,2.09999990463257,98.9000015258789,6.40000009536743,0,7,100
2.09999990463257,0.899999976158142,1.5,91.6999969482422,5.59999990463257,3,1,55
4.5,3.20000004768372,3.29999995231628,70,6.30000019073486,0,6,59.9000015258789
3,3,1.60000002384186,70.1999969482422,6.69999980926514,2,7,63.2000007629395
4.40000009536743,0.300000011920929,2.09999990463257,100,5.5,4,4,84.5
2.70000004768372,1.10000002384186,3.09999990463257,77.5999984741211,4.69999980926514,5,2,50.7999992370605
3.29999995231628,2.20000004768372,0.899999976158142,76.6999969482422,8.69999980926514,5,10,94
3.59999990463257,2.09999990463257,3.5,62.2999992370605,5.69999980926514,1,9,65.5999984741211
2,1,0.100000001490116,81.5,6.40000009536743,5,7,61.7000007629395
4.59999990463257,3,3.59999990463257,82.6999969482422,7.69999980926514,5,1,66
2.70000004768372,2.79999995231628,1.39999997615814,92.1999969482422,10,3,8,86.9000015258789
3.20000004768372,2.29999995231628,1.5,71,5,6,3,59.5999984741211
2,1.60000002384186,0,69.8000030517578,7,5,4,49.0999984741211
0,3.79999995231628,1.29999995231628,89.5,5.69999980926514,5,5,31.1000003814697
3.20000004768372,4.5,0.699999988079071,95.0999984741211,5.90000009536743,2,1,45.7000007629395
7.09999990463257,1.89999997615814,1.10000002384186,69.3000030517578,5.59999990463257,6,6,100
4.69999980926514,1.79999995231628,1.60000002384186,95.8000030517578,5.09999990463257,2,10,81.0999984741211
3.5,3.09999990463257,2.90000009536743,85.4000015258789,6.5,0,6,55.0999984741211
3.09999990463257,2.09999990463257,2,95.9000015258789,4.69999980926514,0,2,53.2999992370605
3.5,2.29999995231628,2.09999990463257,84.3000030517578,7.59999990463257,5,10,89.0999984741211
4.30000019073486,3.40000009536743,0.600000023841858,59.7999992370605,6.59999990463257,5,6,77.3000030517578
1.70000004768372,0.200000002980232,0.800000011920929,83.5,7,1,8,56.4000015258789
5.19999980926514,4.09999990463257,3.79999995231628,95.5999984741211,5.90000009536743,0,6,76.0999984741211
4.59999990463257,2.59999990463257,1,76.0999984741211,6.09999990463257,3,4,74.5999984741211
4.59999990463257,2,3.59999990463257,81.0999984741211,6.80000019073486,5,4,83
4.19999980926514,2.40000009536743,1.5,83.1999969482422,5.09999990463257,3,9,85.9000015258789
3.5,2.5,1.79999995231628,56,6.09999990463257,5,6,64.5
4.5,0.400000005960464,3,100,5.5,3,8,91.9000015258789
4.40000009536743,4.30000019073486,3.20000004768372,76,5.40000009536743,4,8,74.5999984741211
3,2.5,1.70000004768372,90.0999984741211,4,3,7,70.9000015258789
2.59999990463257,3,1.39999997615814,84.0999984741211,8.10000038146973,6,3,66.6999969482422
3.70000004768372,3.59999990463257,1.70000004768372,97.5999984741211,5.69999980926514,0,10,77.4000015258789
5.80000019073486,1.29999995231628,2.20000004768372,89.0999984741211,7.90000009536743,5,1,99
1.60000002384186,3.09999990463257,2.79999995231628,82.6999969482422,7.80000019073486,0,5,43.5
1.29999995231628,2.20000004768372,1.79999995231628,76.0999984741211,5,6,10,53.4000015258789
3.70000004768372,3.5,2.5,93,5.19999980926514,6,10,81
3.59999990463257,0,3.59999990463257,66.3000030517578,9.60000038146973,3,2,66.1999969482422
3.79999995231628,2.40000009536743,2.20000004768372,91.5,8.60000038146973,2,10,88
3.90000009536743,1.79999995231628,2.09999990463257,74,6.5,2,2,64.4000015258789
3.20000004768372,3,0.100000001490116,97.5,6.80000019073486,6,7,82.4000015258789
5.69999980926514,3.09999990463257,0,86.5999984741211,5.69999980926514,2,3,80.9000015258789
1.10000002384186,1.70000004768372,2.20000004768372,91.4000015258789,7,5,8,59.5999984741211
2.29999995231628,1.60000002384186,1.70000004768372,85.8000030517578,5.59999990463257,1,9,56.2000007629395
3.29999995231628,2.40000009536743,1.20000004768372,67.5,4.09999990463257,4,8,72.5
1,1.39999997615814,2.09999990463257,76.4000015258789,4.90000009536743,3,6,47.5999984741211
3.20000004768372,3.5,1.70000004768372,91.6999969482422,6.5,1,5,63.5999984741211
6,2.09999990463257,3,86.6999969482422,5.09999990463257,2,3,85.3000030517578
3.5,0,1.89999997615814,96.8000030517578,6.40000009536743,3,3,71.8000030517578
3.79999995231628,2.09999990463257,1,89,5.19999980926514,1,7,70.9000015258789
1.60000002384186,1.29999995231628,2.90000009536743,75.3000030517578,5.59999990463257,0,5,41.7000007629395
2.59999990463257,0.5,1.60000002384186,77,7.5,2,6,76.0999984741211
2.90000009536743,1,2.40000009536743,86,6.80000019073486,1,6,65.9000015258789
3,2.59999990463257,1.29999995231628,61.9000015258789,6.5,5,9,64.4000015258789
5.40000009536743,4.09999990463257,1.10000002384186,100,7.59999990463257,0,1,69.6999969482422
4.30000019073486,2.90000009536743,1.89999997615814,89.4000015258789,7.09999990463257,2,8,74.9000015258789
